id,rome,contrat,dep,signalee
FT-214VQMR,E1112,alternance,78,0
FT-214VNGV,D1510,alternance,33,0
FT-7664788,M1716,alternance,12,0
FT-7665146,M1705,alternance,75,0
FT-214TWBX,E1101,alternance,17,0
FT-7665266,E1101,alternance,60,0
FT-7665194,E1101,alternance,94,0
FT-7664918,E1101,alternance,974,0
FT-7664846,E1101,alternance,974,0
FT-7664750,E1101,alternance,974,0
FT-7664731,E1101,alternance,974,0
FT-7664713,E1101,alternance,974,0
FT-7673246,E1101,alternance,62,0
FT-7673052,E1101,alternance,67,0
FT-214TZZW,E1112,alternance,17,0
FT-7627155,M1718,alternance,92,0
FT-7627113,E1101,alternance,60,0
FT-7627264,E1127,alternance,83,0
FT-7634180,E1103,alternance,88,0
FT-7634137,E1103,alternance,54,0
FT-7633887,E1103,alternance,88,0
FT-7633866,E1103,alternance,54,0
FT-7586944,M1718,alternance,13,0
FT-214SWJT,M1620,alternance,73,0
FT-7586931,E1101,alternance,91,0
FT-7588754,E1101,alternance,62,0
FT-7598599,E1124,alternance,75,0
FT-7586909,M1426,alternance,93,0
FT-7596280,E1112,alternance,83,0
FT-7567647,E1112,alternance,32,0
FT-7586882,E1103,alternance,31,0
FT-7586877,E1103,alternance,69,0
FT-214RZKC,D1510,alternance,24,0
FT-214RBDQ,M1718,alternance,91,0
FT-7556497,M1718,alternance,77,0
FT-7554302,M1716,alternance,75,0
FT-7556487,M1716,alternance,75,0
FT-214QMFD,M1705,alternance,92,0
FT-214RLPQ,M1620,alternance,972,0
FT-7554336,M1620,alternance,76,0
FT-7554303,M1620,alternance,75,0
FT-7556441,M1620,alternance,27,0
FT-7564671,M1711,alternance,92,0
FT-7554395,E1103,alternance,95,0
FT-7554281,E1103,alternance,13,0
FT-214QHHV,M1718,alternance,,0
FT-7528691,M1718,alternance,60,0
FT-7528450,M1718,alternance,26,0
FT-7515092,M1716,alternance,33,0
FT-214QHYP,M1711,alternance,75,0
FT-214PVJH,E1101,alternance,54,0
FT-7531287,E1101,alternance,59,0
FT-7515050,E1101,alternance,75,0
FT-7518337,M1886,alternance,75,0
FT-214PGJQ,E1112,alternance,976,0
FT-7528616,E1112,alternance,69,0
FT-7515189,E1112,alternance,11,0
FT-7515046,E1112,alternance,06,0
FT-7515178,E1103,alternance,76,0
FT-7515176,E1103,alternance,64,0
FT-7515170,E1103,alternance,44,0
FT-7519293,E1103,alternance,38,0
FT-214NSVQ,M1430,alternance,75,0
FT-214NMGP,E1101,alternance,94,0
FT-7490441,E1101,alternance,21,0
FT-214NVKZ,E1112,alternance,11,0
FT-214NFPP,E1112,alternance,44,0
FT-214NDWP,E1112,alternance,79,0
FT-7477861,E1112,alternance,30,0
FT-7492869,E1107,alternance,83,0
FT-7491725,E1404,alternance,91,0
FT-214LXQP,M1718,alternance,92,0
FT-214LXFC,M1718,alternance,78,0
FT-7465449,M1716,alternance,13,0
FT-7465340,M1703,alternance,39,0
FT-214MSDY,E1112,alternance,17,0
FT-7465067,E1103,alternance,974,0
FT-214LQPS,D1510,alternance,30,0
FT-7436346,M1705,alternance,92,0
FT-7450817,M1711,alternance,92,0
FT-7449144,E1113,alternance,06,0
FT-7425805,M1703,alternance,75,0
FT-7405744,M1620,alternance,26,0
FT-7405568,E1113,alternance,33,0
FT-7427717,E1101,alternance,14,0
FT-7426973,M1426,alternance,13,0
FT-7427747,E1112,alternance,14,0
FT-7425857,E1112,alternance,75,0
FT-7425807,E1112,alternance,75,0
FT-7431095,E1103,alternance,26,0
FT-7430943,E1103,alternance,73,0
FT-7381011,M1705,alternance,91,0
FT-7380979,M1705,alternance,75,0
FT-7398328,M1620,alternance,92,0
FT-7381007,M1620,alternance,51,0
FT-7380999,M1620,alternance,80,0
FT-7386824,M1620,alternance,10,0
FT-7381018,M1430,alternance,84,0
FT-214KXYF,E1101,alternance,974,0
FT-7398726,E1101,alternance,25,0
FT-7352867,M1886,alternance,39,0
FT-214KJWG,E1112,alternance,976,0
FT-214KTXL,E1112,alternance,34,0
FT-7393895,E1112,alternance,14,0
FT-7163039,M1705,alternance,34,0
FT-7163009,M1705,alternance,84,0
FT-7163104,M1620,alternance,91,0
FT-7155936,M1620,alternance,91,0
FT-7165210,M1620,alternance,76,0
FT-7169476,E1112,alternance,88,0
FT-7169321,E1112,alternance,88,0
FT-7169144,E1112,alternance,54,0
FT-7168935,E1112,alternance,54,0
FT-7168806,E1112,alternance,88,0
FT-7163114,E1112,alternance,78,0
FT-7169206,E1103,alternance,54,0
FT-7153982,E1103,alternance,33,0
FT-7169383,E1107,alternance,54,0
FT-7169361,E1107,alternance,88,0
FT-7169101,E1107,alternance,57,0
FT-7169090,E1107,alternance,54,0
FT-7135042,M1718,alternance,75,0
FT-7132309,M1716,alternance,95,0
FT-7132286,M1716,alternance,74,0
FT-7135010,M1716,alternance,74,0
FT-7105198,M1705,alternance,,0
FT-7132314,M1620,alternance,50,0
FT-7135146,M1620,alternance,50,0
FT-7132280,E1101,alternance,75,0
FT-214HCSR,E1112,alternance,68,0
FT-7132291,E1112,alternance,01,0
FT-7132351,E1103,alternance,16,0
FT-7132292,E1103,alternance,75,0
FT-7135177,E1103,alternance,16,0
FT-7094057,M1716,alternance,12,0
FT-7093771,M1716,alternance,45,0
FT-7100665,M1705,alternance,75,0
FT-7068663,M1705,alternance,45,0
FT-7100607,M1620,alternance,75,0
FT-7068674,M1620,alternance,45,0
FT-7093592,M1430,alternance,69,0
FT-214FVYJ,E1113,alternance,88,0
FT-7096546,E1124,alternance,75,0
FT-214FRHK,E1112,alternance,92,0
FT-7093811,E1112,alternance,75,0
FT-7093772,E1112,alternance,29,0
FT-7103277,E1112,alternance,44,0
FT-7103165,E1112,alternance,59,0
FT-7098786,E1112,alternance,14,0
FT-7094053,E1103,alternance,12,0
FT-7093797,E1103,alternance,83,0
FT-7093796,E1103,alternance,38,0
FT-7093775,E1103,alternance,78,0
FT-7096498,E1103,alternance,38,0
FT-7053130,M1716,alternance,12,0
FT-7053322,M1705,alternance,77,0
FT-214DRZT,E1101,alternance,40,0
FT-7053788,E1101,alternance,75,0
FT-7053013,E1101,alternance,12,0
FT-7057620,E1112,alternance,69,0
FT-7053778,E1112,alternance,91,0
FT-7053324,E1112,alternance,75,0
FT-214DHVQ,E1103,alternance,74,0
FT-7053813,E1103,alternance,49,0
FT-7052888,E1103,alternance,974,0
FT-7052877,E1103,alternance,974,0
FT-7052867,E1103,alternance,974,0
FT-7052836,E1103,alternance,974,0
FT-214DLNY,D1510,alternance,03,0
FT-7032653,M1718,alternance,75,0
FT-7010875,M1703,alternance,92,0
FT-7032637,E1101,alternance,93,0
FT-7032628,E1101,alternance,25,0
FT-7032571,E1112,alternance,51,0
FT-7032633,E1107,alternance,84,0
FT-7032588,E1107,alternance,13,0
FT-7006676,M1705,alternance,17,0
FT-214BRNX,M1620,alternance,62,0
FT-6993162,M1620,alternance,69,0
FT-6986710,E1101,alternance,75,0
FT-6986669,E1101,alternance,34,0
FT-214CMPJ,E1112,alternance,63,0
FT-6986640,E1112,alternance,62,0
FT-214BZBJ,E1103,alternance,83,0
FT-6986711,E1103,alternance,01,0
FT-6993184,E1103,alternance,01,0
FT-213ZZQN,M1620,alternance,94,0
FT-6964023,M1620,alternance,75,0
FT-6963933,E1101,alternance,971,0
FT-213ZZZN,E1112,alternance,91,0
FT-6963926,E1112,alternance,06,0
FT-6927864,M1705,alternance,06,0
FT-6927894,M1620,alternance,94,0
FT-213YNXN,E1101,alternance,66,0
FT-6927940,E1101,alternance,95,0
FT-6928579,E1124,alternance,75,0
FT-6927895,E1112,alternance,13,0
FT-6930115,E1103,alternance,68,0
FT-6895789,M1718,alternance,75,0
FT-6895797,E1101,alternance,75,0
FT-213XJWB,E1112,alternance,02,0
FT-6895837,E1103,alternance,52,0
FT-6895819,E1103,alternance,75,0
FT-6895807,E1103,alternance,59,0
FT-6897466,E1103,alternance,75,0
FT-213WZVS,D1510,alternance,33,0
FT-213WZVG,D1510,alternance,16,0
FT-6863135,M1716,alternance,75,0
FT-6863168,M1705,alternance,75,0
FT-6863124,M1620,alternance,13,0
FT-213VVGG,E1113,alternance,69,0
FT-6863172,M1426,alternance,75,0
FT-6865279,M1426,alternance,18,0
FT-213VQHD,E1112,alternance,69,0
FT-6863099,E1112,alternance,75,0
FT-6863219,E1103,alternance,26,0
FT-213TWKX,D1438,alternance,59,0
FT-6846733,M1705,alternance,06,0
FT-6846483,M1620,alternance,75,0
FT-6847904,E1101,alternance,13,0
FT-6846533,E1112,alternance,75,0
FT-6846408,E1112,alternance,75,0
FT-6847910,E1103,alternance,35,0
FT-6847882,E1103,alternance,92,0
FT-6847883,E1107,alternance,92,0
FT-6827348,M1718,alternance,94,0
FT-6827360,M1716,alternance,13,0
FT-213TCLP,E1101,alternance,30,0
FT-6827320,E1101,alternance,06,0
FT-213SQQL,E1112,alternance,39,0
FT-213TLCH,E1112,alternance,57,0
FT-213SCPM,M1718,alternance,92,0
FT-6797635,M1716,alternance,92,0
FT-6797602,M1716,alternance,83,0
FT-6797599,M1716,alternance,92,0
FT-213SDWT,M1705,alternance,50,0
FT-213RMVN,M1705,alternance,75,0
FT-6796509,M1705,alternance,92,0
FT-6799864,M1705,alternance,75,0
FT-6782089,M1703,alternance,68,0
FT-6797592,M1620,alternance,92,0
FT-6797478,M1620,alternance,89,0
FT-6799855,M1620,alternance,89,0
FT-213SCTJ,E1113,alternance,75,0
FT-6799751,D1438,alternance,11,0
FT-6797661,E1101,alternance,75,0
FT-6782074,E1101,alternance,75,0
FT-6782061,E1101,alternance,75,0
FT-6782071,E1124,alternance,75,0
FT-213RBZC,E1112,alternance,93,0
FT-6797464,E1112,alternance,13,0
FT-6797447,E1112,alternance,34,0
FT-6782043,E1112,alternance,84,0
FT-6782037,E1112,alternance,57,0
FT-6797606,E1103,alternance,13,0
FT-6782064,E1103,alternance,69,0
FT-213PZDC,M1705,alternance,92,0
FT-6766042,M1705,alternance,06,0
FT-6772367,M1430,alternance,51,0
FT-6749253,E1101,alternance,83,0
FT-6767807,E1405,alternance,62,0
FT-6766589,E1127,alternance,06,0
FT-213QMLL,E1112,alternance,976,0
FT-6766118,E1112,alternance,75,0
FT-6766041,E1112,alternance,12,0
FT-6749264,E1112,alternance,31,0
FT-213QVBD,E1103,alternance,93,0
FT-6766143,E1103,alternance,62,0
FT-6766048,E1103,alternance,53,0
FT-6775212,E1103,alternance,75,0
FT-6707431,M1718,alternance,75,0
FT-6707413,M1718,alternance,57,0
FT-6707404,M1718,alternance,75,0
FT-213PBJL,M1620,alternance,13,0
FT-6727699,M1620,alternance,34,0
FT-6727731,M1711,alternance,85,0
FT-6707357,D1438,alternance,95,0
FT-6729304,D1438,alternance,34,0
FT-6707361,E1101,alternance,93,0
FT-6707351,E1101,alternance,75,0
FT-6707347,E1101,alternance,75,0
FT-213NVYG,E1112,alternance,974,0
FT-6727724,E1112,alternance,67,0
FT-6707359,E1112,alternance,60,0
FT-6707353,E1112,alternance,67,0
FT-6692711,M1716,alternance,69,0
FT-6692176,M1716,alternance,974,0
FT-6697325,M1716,alternance,44,0
FT-213MNWG,M1620,alternance,93,0
FT-6692720,M1620,alternance,10,0
FT-6692716,M1620,alternance,59,0
FT-6692170,M1620,alternance,974,0
FT-6692166,M1620,alternance,974,0
FT-6686701,M1430,alternance,86,0
FT-6692695,E1112,alternance,62,0
FT-6692722,E1103,alternance,10,0
FT-6682640,M1718,alternance,35,0
FT-6682593,M1718,alternance,35,0
FT-213LQMG,E1101,alternance,06,0
FT-6682582,E1101,alternance,35,0
FT-6644267,M1718,alternance,06,0
FT-6667398,M1716,alternance,33,0
FT-6644276,M1705,alternance,83,0
FT-6672942,M1703,alternance,94,0
FT-6667474,M1620,alternance,34,0
FT-6667448,E1101,alternance,51,0
FT-6667431,E1112,alternance,62,0
FT-6598657,M1718,alternance,89,0
FT-6598654,M1718,alternance,972,0
FT-6623793,M1620,alternance,75,0
FT-6623766,E1101,alternance,38,0
FT-6625228,E1124,alternance,38,0
FT-6623625,M1426,alternance,93,0
FT-6623807,E1112,alternance,84,0
FT-6623736,E1112,alternance,34,0
FT-6623637,E1112,alternance,92,0
FT-6598558,E1112,alternance,972,0
FT-6598542,E1112,alternance,91,0
FT-6539995,M1718,alternance,33,0
FT-6576371,M1718,alternance,75,0
FT-6581713,M1620,alternance,79,0
FT-6574103,M1620,alternance,85,0
FT-6539993,E1113,alternance,33,0
FT-6539962,D1438,alternance,33,0
FT-6539958,E1101,alternance,42,0
FT-6576277,E1101,alternance,06,0
FT-6539965,E1107,alternance,84,0
FT-6517538,M1620,alternance,92,0
FT-6508196,M1620,alternance,75,0
FT-6520882,D1438,alternance,75,0
FT-6517557,E1101,alternance,06,0
FT-6508220,E1101,alternance,69,0
FT-6533030,E1101,alternance,75,0
FT-6517450,M1426,alternance,75,0
FT-6531320,E1112,alternance,46,0
FT-6517550,E1112,alternance,06,0
FT-6517416,E1103,alternance,49,0
FT-6478487,M1718,alternance,06,0
FT-6495515,M1705,alternance,06,0
FT-6478497,M1620,alternance,75,0
FT-6495551,E1101,alternance,92,0
FT-6478444,E1112,alternance,38,0
FT-6499311,E1112,alternance,31,0
FT-6499286,E1112,alternance,59,0
FT-6445558,M1718,alternance,92,0
FT-6445554,M1718,alternance,84,0
FT-6445510,M1718,alternance,31,0
FT-6445550,M1718,alternance,59,0
FT-6460517,M1716,alternance,77,0
FT-6445545,M1705,alternance,25,0
FT-6445512,M1705,alternance,94,0
FT-6445533,M1703,alternance,91,0
FT-6460518,M1620,alternance,91,0
FT-6445571,M1620,alternance,63,0
FT-6445546,M1620,alternance,60,0
FT-6445511,M1620,alternance,68,0
FT-6460543,E1101,alternance,60,0
FT-6445051,E1101,alternance,38,0
FT-6445043,E1101,alternance,34,0
FT-6445012,E1101,alternance,34,0
FT-6445006,E1101,alternance,54,0
FT-6445004,E1101,alternance,83,0
FT-6444993,E1101,alternance,74,0
FT-6444928,E1101,alternance,2A,0
FT-6444923,E1101,alternance,34,0
FT-6444950,E1124,alternance,05,0
FT-6444992,E1405,alternance,78,0
FT-6445522,M1886,alternance,57,0
FT-6460536,E1112,alternance,77,0
FT-6460535,E1112,alternance,95,0
FT-6445084,E1112,alternance,90,0
FT-6445065,E1112,alternance,05,0
FT-6445036,E1112,alternance,62,0
FT-6445033,E1112,alternance,30,0
FT-6445031,E1112,alternance,13,0
FT-6445029,E1112,alternance,75,0
FT-6445024,E1112,alternance,62,0
FT-6445009,E1112,alternance,91,0
FT-6445002,E1112,alternance,83,0
FT-6445001,E1112,alternance,13,0
FT-6444984,E1112,alternance,75,0
FT-6444969,E1112,alternance,69,0
FT-6444957,E1112,alternance,68,0
FT-6444943,E1112,alternance,73,0
FT-6444920,E1112,alternance,84,0
FT-6444955,E1103,alternance,63,0
FT-6444931,E1103,alternance,75,0
FT-6444946,E1103,alternance,76,0
FT-6445087,E1107,alternance,82,0
FT-6382008,M1430,alternance,75,0
FT-6382011,E1101,alternance,75,0
FT-6382111,E1112,alternance,95,0
FT-6382012,E1103,alternance,92,0
FT-6382010,E1103,alternance,06,0
FT-213BJVL,E1107,alternance,85,0
FT-6341750,M1705,alternance,93,0
FT-6341915,M1620,alternance,14,0
FT-6341935,E1101,alternance,06,0
FT-6341775,E1101,alternance,76,0
FT-6341961,E1112,alternance,69,0
FT-6278598,M1705,alternance,44,0
FT-6315041,M1430,alternance,31,0
FT-6266467,M1705,alternance,06,0
FT-212WVJN,D1438,alternance,84,0
FT-6207918,M1718,alternance,59,0
FT-6207921,M1716,alternance,59,0
FT-6206247,M1716,alternance,06,0
FT-6207713,M1703,alternance,42,0
FT-6207916,E1124,alternance,59,0
FT-6207915,E1127,alternance,59,0
FT-6206218,E1127,alternance,80,0
FT-6207959,E1103,alternance,44,0
FT-6108578,M1716,alternance,13,0
FT-212QHXP,M1620,alternance,974,0
FT-212MVSK,M1620,alternance,57,0
FT-6050286,E1103,alternance,65,0
FT-6021026,M1620,alternance,60,0
FT-5993930,E1101,alternance,13,0
FT-5959813,E1101,alternance,35,0
FT-5933807,E1103,alternance,18,0
FT-5933772,E1103,alternance,83,0
FT-5886748,E1101,alternance,13,0
FT-5835574,E1101,alternance,78,0
FT-5835571,E1101,alternance,62,0
FT-5835567,E1112,alternance,974,0
FT-5801844,M1716,alternance,44,0
FT-5798461,E1112,alternance,13,0
FT-5744262,M1620,alternance,91,0
FT-5744249,E1112,alternance,06,0
FT-5779546,E1112,alternance,75,0
FT-5718443,M1718,alternance,74,0
FT-5718071,E1113,alternance,91,0
FT-5718083,E1101,alternance,78,0
FT-212CTMK,E1112,alternance,77,0
FT-5718082,E1112,alternance,74,0
FT-5718081,E1112,alternance,63,0
FT-5718079,E1112,alternance,77,0
FT-5718085,E1103,alternance,32,0
FT-5690951,M1718,alternance,01,0
FT-5688028,M1718,alternance,971,0
FT-5688032,M1705,alternance,971,0
FT-5637019,M1430,alternance,84,0
FT-5660481,E1124,alternance,59,0
FT-5660485,E1405,alternance,59,0
FT-5620721,E1107,alternance,93,0
FT-5570863,E1101,alternance,06,0
FT-5570854,E1112,alternance,56,0
FT-5503385,M1718,alternance,93,0
FT-5503316,E1101,alternance,56,0
FT-211TRFK,D1510,alternance,29,0
FT-5442603,E1112,alternance,68,0
FT-5442590,E1112,alternance,68,0
FT-5442580,E1112,alternance,25,0
FT-5442561,E1112,alternance,25,0
FT-5403894,M1718,alternance,85,0
FT-5424884,M1718,alternance,13,0
FT-5227563,E1112,alternance,976,0
FT-5227558,E1112,alternance,69,0
FT-5227571,D1510,alternance,94,0
FT-5193363,M1718,alternance,62,0
FT-5193251,E1113,alternance,06,0
FT-5141970,M1426,alternance,76,0
FT-5076638,M1705,alternance,69,0
FT-5069205,E1112,alternance,45,0
FT-5069180,E1112,alternance,28,0
FT-5043406,M1620,alternance,71,0
FT-5043169,E1103,alternance,93,0
FT-4893487,M1703,alternance,92,0
FT-210YBKQ,M1620,alternance,74,0
FT-4575924,E1405,alternance,50,0
FT-4579474,E1127,alternance,,0
FT-210RSNH,E1101,alternance,974,0
FT-4481382,M1620,alternance,95,0
FT-4298929,M1703,alternance,93,0
FT-4296355,E1112,alternance,06,0
FT-4331177,E1112,alternance,39,0
FT-4296427,E1107,alternance,06,0
FT-3883655,M1620,alternance,92,0
FT-3878839,E1112,alternance,31,0
FT-2944465,E1112,alternance,11,0
FT-2205763,M1620,alternance,74,0
FT-2205761,M1620,alternance,74,0
LBA-6aac65be5e0dbc96e5b7f8e5,M1718,alternance,94,0
FT-6966976,M1705,alternance,75,0
LBA-6aac65be5e0dbc96e5b7f8de,M1705,alternance,94,0
LBA-6aac65be5e0dbc96e5b7f8df,E1112,alternance,44,0
LBA-6aac62e34d527b97d19c6465,E1112,alternance,83,0
LBA-6aab117f42f9e8253353f585,M1718,alternance,75,0
FT-213YCST,M1620,alternance,44,0
FT-6930079,E1101,alternance,57,0
LBA-6aab1167cd3e14e6780890a5,E1112,alternance,24,0
LBA-6aab117f42f9e8253353f586,E1112,alternance,92,0
LBA-6aab145b42f9e82533549912,D1510,alternance,77,0
FT-213WLJV,E1101,alternance,19,0
FT-6907530,E1107,alternance,13,0
LBA-6aa9c2ca0cc6b6939a682300,E1404,alternance,,0
FT-213VPDG,M1718,alternance,39,0
LBA-6aa871458629e145845bc216,D1438,alternance,59,0
LBA-6a3da9936fe7bcfb24b995b6,D1438,alternance,13,0
LBA-6aa5cb6e09f19c42402680fe,E1112,alternance,64,0
LBA-6aa479e5ebd7b6de32ee5806,M1718,alternance,92,0
LBA-6aa479e5ebd7b6de32ee57fc,D1438,alternance,75,0
LBA-6aa9bff45ab4c3ce64673aae,E1112,alternance,31,0
FT-6830568,E1107,alternance,971,0
FT-6827343,E1107,alternance,33,0
LBA-6a0b8f939deca1136c065022,D1438,alternance,69,0
LBA-6aa47a18c30374e6ff250487,D1438,alternance,26,0
LBA-6aa3286eee6e0957828ea771,E1124,alternance,92,0
FT-6798500,E1112,alternance,56,0
LBA-6aa32878ef7f1b0f6679bb46,E1112,alternance,52,0
FT-213PTYT,M1718,alternance,06,0
FT-213PVFY,E1113,alternance,06,0
FT-213PTQP,E1101,alternance,06,0
FT-213PTMC,E1101,alternance,06,0
FT-213QZPC,E1112,alternance,972,0
LBA-6aa47a18c30374e6ff25047d,E1112,alternance,42,0
FT-213QJFG,E1103,alternance,31,0
LBA-6aa0889aee6e0957828dca32,M1718,alternance,,0
LBA-6aa0889aee6e0957828dc9f5,M1718,alternance,64,0
LBA-6aa0856fc01d59a1d9a59357,M1718,alternance,75,0
FT-213NFKH,E1113,alternance,57,0
FT-213NFKD,M1886,alternance,51,0
LBA-6aa0856fc01d59a1d9a59359,E1112,alternance,93,0
LBA-6aa0889aee6e0957828dca11,E1107,alternance,51,0
LBA-6a7b9efc0b2cc3dc2b782f7d,D1510,alternance,28,0
FT-213NDQT,M1718,alternance,94,0
FT-6697462,M1705,alternance,75,0
FT-6697170,M1620,alternance,92,0
LBA-69bb32881d94a1b1a4634506,D1438,alternance,92,0
LBA-6aa9c0000cc6b6939a678130,D1438,alternance,93,0
FT-6697848,E1112,alternance,72,0
LBA-6a9f340dc01d59a1d9a4c3c1,E1112,alternance,75,0
FT-213LVVV,E1103,alternance,60,0
LBA-6a2b35dcb0b03554d2556b1f,M1718,alternance,95,0
FT-6637613,M1620,alternance,35,0
LBA-6a877ca63092a5db4a28a4a4,D1438,alternance,45,0
LBA-6a9de2922b9647cf94a68a14,E1112,alternance,38,0
FT-6667440,E1107,alternance,10,0
LBA-6a9c90fb4974bb743d0bac4e,M1718,alternance,89,0
FT-213KQSF,M1705,alternance,94,0
FT-6630275,M1620,alternance,59,0
FT-213KHCQ,M1620,alternance,33,0
LBA-6a9b3f64ad4b9f98549d1de2,M1430,alternance,75,0
LBA-6a03a87472ab77c9712ebebb,D1438,alternance,13,0
FT-213LCJJ,E1101,alternance,92,0
FT-213KJCX,E1101,alternance,34,0
LBA-6a9c90e5ad4b9f98549e262d,E1112,alternance,75,0
FT-213HSZM,E1101,alternance,24,0
FT-6535001,E1101,alternance,26,0
FT-6576311,M1886,alternance,75,0
FT-213JGNT,E1112,alternance,60,0
LBA-6a99edea091183408a98ec16,E1112,alternance,93,0
LBA-6a2892ccfa49c084578428de,D1510,alternance,13,0
LBA-6a99edf4e3bf16fb30f560e8,M1718,alternance,26,0
LBA-6a989c8ec5fd15da3a4373d2,M1718,alternance,75,0
LBA-6a989c8ec5fd15da3a4373d3,M1718,alternance,75,0
FT-6519872,M1716,alternance,84,0
FT-6531629,M1705,alternance,75,0
FT-6506919,M1620,alternance,92,0
LBA-6a989c8ec5fd15da3a4373d4,E1124,alternance,75,0
FT-6533318,E1112,alternance,34,0
FT-6517918,E1112,alternance,06,0
FT-6519870,E1103,alternance,92,0
FT-6507055,E1103,alternance,75,0
LBA-6a989c8ec5fd15da3a4373ce,E1404,alternance,93,0
FT-6475114,M1620,alternance,50,0
LBA-6a974b04ee2b3bb26c59cc18,D1438,alternance,75,0
FT-213FPFF,E1124,alternance,30,0
LBA-6a974e6eee2b3bb26c5a9ff3,E1112,alternance,94,0
LBA-6903f31552e423ae811fe3e2,M1705,alternance,44,0
LBA-6a71131dcf76cd1c537daeac,D1438,alternance,42,0
LBA-6a95f96b07da809b438272c1,E1124,alternance,75,0
FT-213DNFM,E1112,alternance,11,0
LBA-6a95f98842e7e9609f045262,E1112,alternance,75,0
LBA-6a95f98842e7e9609f045264,E1103,alternance,75,0
FT-213DJKW,E1107,alternance,75,0
LBA-6a71131dcf76cd1c537daeae,D1510,alternance,42,0
LBA-69fd1117d6a2a28f355ac642,D1510,alternance,13,0
FT-6418711,E1101,alternance,60,0
LBA-6a94a807f0f218cfa69030df,E1112,alternance,38,0
FT-213CKSQ,E1103,alternance,93,0
FT-6418732,E1107,alternance,50,0
FT-6378214,M1718,alternance,13,0
LBA-6a9204e9bec077687bdbccf1,M1703,alternance,59,0
LBA-6a93568b8b54f31010fec8f7,D1438,alternance,69,0
FT-213BVBM,E1101,alternance,59,0
FT-213CFMN,E1124,alternance,92,0
LBA-6a93568b8b54f31010fec8f1,E1112,alternance,42,0
FT-213BZFW,E1103,alternance,59,0
LBA-6a90b3773899b7985a9374dc,E1124,alternance,75,0
FT-6352621,E1112,alternance,13,0
FT-6352617,E1112,alternance,974,0
LBA-6a90b71f3899b7985a94540c,E1112,alternance,45,0
LBA-6a90b71f3899b7985a94540b,E1404,alternance,45,0
LBA-6a90b71f3899b7985a94540a,E1404,alternance,45,0
LBA-6a93566f0024f104f37d84c6,M1718,alternance,68,0
FT-6315667,E1112,alternance,69,0
FT-6278387,E1112,alternance,38,0
FT-212WTHC,M1705,alternance,93,0
FT-212WWHW,E1101,alternance,73,0
FT-212WPLC,E1107,alternance,38,0
LBA-6a8e108a82e25778fa6e4f01,D1438,alternance,75,0
LBA-6a8cbef98e217fc4669bc7b4,E1124,alternance,75,0
LBA-6a8cbef98e217fc4669bc7b6,E1404,alternance,92,0
FT-212VBJC,D1510,alternance,33,0
FT-6222292,E1127,alternance,17,0
LBA-6a88ca71dc9877f0fd9bd140,E1112,alternance,75,0
FT-6119314,M1620,alternance,93,0
FT-6119283,M1620,alternance,93,0
FT-6119309,E1112,alternance,75,0
LBA-6a8779076fa54cea5a969fd5,E1112,alternance,75,0
LBA-6a8778fd3092a5db4a27be66,E1404,alternance,75,0
FT-6114422,E1107,alternance,75,0
FT-6082704,M1620,alternance,93,0
FT-6082674,M1620,alternance,93,0
LBA-6a862777c024c7a23523ac1d,D1438,alternance,38,0
FT-6079342,E1103,alternance,75,0
FT-5993098,E1112,alternance,31,0
FT-5993951,E1103,alternance,59,0
FT-5939825,M1705,alternance,95,0
FT-5937074,E1112,alternance,91,0
FT-5934421,E1112,alternance,51,0
LBA-6a7ced07739d356907a5b4f3,E1112,alternance,78,0
FT-5852442,M1620,alternance,83,0
FT-5788070,M1705,alternance,75,0
FT-5791841,M1703,alternance,75,0
FT-5791817,M1620,alternance,92,0
FT-5788029,E1101,alternance,75,0
FT-5787609,E1124,alternance,75,0
FT-5791515,E1103,alternance,75,0
LBA-6a6a77e41e79674432d59811,E1112,alternance,75,0
LBA-6a516b78f0faae4a64c3e242,E1404,alternance,75,0
LBA-6a6a77e61e79674432d59911,E1112,alternance,75,0
LBA-6a3318f287d96b6c193cc4ff,E1112,alternance,75,0
LBA-6a025189477676709717347e,E1124,alternance,75,0
LBA-6a7f9011a67c2262e818ee72,E1112,alternance,75,0
LBA-6a7f9011a67c2262e818ee76,E1112,alternance,75,0
LBA-69cee704efdf94a01b7069fb,E1112,alternance,75,0
LBA-69d8be7ebd531b944aed42ef,D1438,alternance,29,0
LBA-69d8bf41bd531b944aed4323,D1438,alternance,29,0
LBA-69d8bf3fbd531b944aed4322,D1438,alternance,29,0
LBA-69d8bf51bd531b944aed432a,D1438,alternance,29,0
LBA-69d8be28bd531b944aed42cc,D1438,alternance,29,0
LBA-69d8bf4cbd531b944aed4328,D1438,alternance,29,0
LBA-69d8bfebbd531b944aed4362,D1438,alternance,29,0
LBA-69d8be2ac68afaf0bff28f2e,D1438,alternance,29,0
LBA-69d8bf93bd531b944aed4341,D1438,alternance,29,0
LBA-69d8bfc9c68afaf0bff28fb0,D1438,alternance,29,0
LBA-69d8dfd7c68afaf0bff2900f,D1438,alternance,29,0
LBA-69d8c325bd531b944aed4394,D1510,alternance,29,0
LBA-698a690d705be119f98e92c5,E1404,alternance,92,0
LBA-69d6cff705d73cdab947fbcf,E1112,alternance,71,0
LBA-6aa9c2930cc6b6939a67f6c7,D1438,alternance,75,0
LBA-6a04f9980af003e0484bc85b,E1404,alternance,58,0
ADZ-5913553503,M1705,alternance,35,0
ADZ-5913468647,M1718,alternance,12,0
ADZ-5913347644,E1112,alternance,35,0
ADZ-5913043020,M1718,alternance,35,0
ADZ-5913043014,M1718,alternance,35,0
ADZ-5913042963,M1718,alternance,35,0
ADZ-5913042723,M1718,alternance,35,0
ADZ-5913458077,M1705,alternance,78,0
ADZ-5913236821,M1705,alternance,06,0
ADZ-5913236824,M1705,alternance,92,0
ADZ-5913100202,M1705,alternance,13,0
ADZ-5913236818,M1703,alternance,93,0
ADZ-5913385688,M1620,alternance,44,0
ADZ-5913236768,M1620,alternance,44,0
ADZ-5913236762,M1620,alternance,44,0
ADZ-5913236668,M1620,alternance,974,0
ADZ-5913236649,M1620,alternance,974,0
ADZ-5913236651,M1620,alternance,33,0
ADZ-5913236656,M1620,alternance,974,0
ADZ-5913236648,M1620,alternance,974,0
ADZ-5913236655,M1620,alternance,974,0
ADZ-5913236658,M1620,alternance,974,0
ADZ-5913236640,M1620,alternance,974,0
ADZ-5913236659,M1620,alternance,33,0
ADZ-5913236650,M1620,alternance,974,0
ADZ-5913236654,M1620,alternance,974,0
ADZ-5913236642,M1620,alternance,974,0
ADZ-5913468581,E1101,alternance,974,0
ADZ-5913236667,E1101,alternance,974,0
ADZ-5913236670,E1101,alternance,974,0
ADZ-5913236666,E1101,alternance,974,0
ADZ-5913236652,E1101,alternance,33,0
ADZ-5913236641,E1101,alternance,974,0
ADZ-5913236643,E1101,alternance,974,0
ADZ-5913236657,E1101,alternance,974,0
ADZ-5913236647,E1101,alternance,974,0
ADZ-5913236665,E1101,alternance,974,0
ADZ-5913387984,E1112,alternance,49,0
ADZ-5913387835,E1112,alternance,44,0
ADZ-5913387792,E1112,alternance,75,0
ADZ-5913387794,E1112,alternance,44,0
ADZ-5913049627,M1718,stage,75,0
ADZ-5913280077,M1705,stage,76,0
ADZ-5913250288,M1705,stage,92,0
ADZ-5913250159,M1718,stage,92,0
ADZ-5913250325,M1703,stage,92,0
ADZ-5913250308,M1703,stage,,0
ADZ-5913250287,M1703,stage,,0
ADZ-5913250249,M1703,stage,92,0
ADZ-5913250284,M1703,stage,,0
ADZ-5913250001,M1620,stage,94,0
ADZ-5913249668,M1703,stage,41,0
ADZ-5913249694,M1703,stage,75,0
ADZ-5913249691,M1703,stage,75,0
ADZ-5913249688,M1703,stage,75,0
ADZ-5913249696,M1703,stage,75,0
ADZ-5913249692,M1703,stage,75,0
ADZ-5913250025,M1620,stage,92,0
ADZ-5913089651,M1620,stage,95,0
ADZ-5913015845,M1620,stage,75,0
ADZ-5913461753,E1101,stage,,0
ADZ-5913249700,E1112,stage,92,0
ADZ-5913089430,E1101,stage,75,0
ADZ-5913320366,E1124,stage,35,0
ADZ-5913034188,E1124,stage,35,0
ADZ-5913249983,E1112,stage,44,0
ADZ-5913249638,E1112,stage,92,0
ADZ-5913458101,E1107,stage,78,0
ADZ-5913458088,E1107,stage,78,0
ADZ-5912845636,M1718,alternance,13,0
ADZ-5912100454,E1112,alternance,67,0
ADZ-5912100426,E1112,alternance,67,0
ADZ-5912751742,M1705,alternance,13,0
ADZ-5912122531,M1620,alternance,67,0
ADZ-5912688528,E1113,alternance,,0
ADZ-5911868017,E1101,alternance,21,0
ADZ-5911868003,E1101,alternance,94,0
ADZ-5911867995,E1101,alternance,25,0
ADZ-5912039122,M1886,alternance,39,0
ADZ-5912126011,E1112,alternance,67,0
ADZ-5912122540,E1112,alternance,67,0
ADZ-5912212809,M1718,stage,92,0
ADZ-5912212807,M1703,stage,92,0
ADZ-5912849026,E1101,stage,75,0
ADZ-5912030653,E1107,stage,92,0
ADZ-5912030593,E1107,stage,,0
ADZ-5911028135,M1718,alternance,35,0
ADZ-5911161829,M1703,alternance,69,0
ADZ-5910681868,M1703,alternance,72,0
ADZ-5910848249,E1101,alternance,94,0
ADZ-5911093576,D1510,alternance,07,0
ADZ-5911250070,M1718,stage,92,0
ADZ-5910687754,M1718,stage,44,0
ADZ-5911684594,M1705,stage,75,0
ADZ-5911675177,M1703,stage,06,0
ADZ-5911250061,M1703,stage,92,0
ADZ-5911161870,M1703,stage,75,0
ADZ-5911668258,M1620,stage,89,0
ADZ-5911678527,E1101,stage,75,0
ADZ-5911655054,E1112,stage,75,0
ADZ-5911512857,E1112,stage,78,0
ADZ-5911512849,E1112,stage,95,0
ADZ-5910662345,D1510,stage,66,0
ADZ-5909797789,M1718,alternance,92,0
ADZ-5909424094,M1718,alternance,27,0
ADZ-5909797806,M1705,alternance,75,0
ADZ-5909424468,E1107,alternance,75,0
ADZ-5910238990,M1430,alternance,33,0
ADZ-5909366107,M1703,alternance,07,0
ADZ-5910259923,M1620,alternance,44,0
ADZ-5909427271,M1620,alternance,59,0
ADZ-5909413341,M1620,alternance,59,0
ADZ-5909308292,M1620,alternance,59,0
ADZ-5909870636,D1438,alternance,88,0
ADZ-5909869768,D1438,alternance,88,0
ADZ-5910132933,E1101,alternance,75,0
ADZ-5910132422,E1101,alternance,94,0
ADZ-5909797773,E1101,alternance,60,0
ADZ-5909425139,E1101,alternance,75,0
ADZ-5909219062,E1101,alternance,91,0
ADZ-5909048606,E1101,alternance,59,0
ADZ-5908956983,E1101,alternance,94,0
ADZ-5910255926,E1124,alternance,75,0
ADZ-5909285367,M1426,alternance,78,0
ADZ-5909219064,M1426,alternance,62,0
ADZ-5910258089,E1112,alternance,27,0
ADZ-5910251619,E1112,alternance,33,0
ADZ-5910012675,E1112,alternance,67,0
ADZ-5909869135,E1112,alternance,54,0
ADZ-5909434417,E1112,alternance,73,0
ADZ-5909426125,E1112,alternance,59,0
ADZ-5909219072,E1112,alternance,,0
ADZ-5909434423,E1107,alternance,69,0
ADZ-5909424625,E1107,alternance,59,0
ADZ-5909424321,E1107,alternance,59,0
ADZ-5909219051,E1107,alternance,69,0
ADZ-5909797787,D1510,alternance,69,0
ADZ-5909219657,D1510,alternance,69,0
ADZ-5910247014,M1718,stage,,0
ADZ-5909427552,M1718,stage,44,0
ADZ-5909427548,M1718,stage,38,0
ADZ-5910258269,M1430,stage,,0
ADZ-5909866262,M1705,stage,92,0
ADZ-5909049495,M1718,stage,95,0
ADZ-5909048712,M1718,stage,95,0
ADZ-5910321599,M1703,stage,44,0
ADZ-5910257689,M1703,stage,75,0
ADZ-5910255270,M1703,stage,75,0
ADZ-5910254304,M1703,stage,,0
ADZ-5910253583,M1703,stage,,0
ADZ-5910249765,M1703,stage,75,0
ADZ-5910249093,M1703,stage,75,0
ADZ-5910237024,M1703,stage,75,0
ADZ-5910231911,M1703,stage,75,0
ADZ-5909548233,M1703,stage,22,0
ADZ-5909427502,M1703,stage,75,0
ADZ-5909427526,M1703,stage,74,0
ADZ-5909427512,M1703,stage,69,0
ADZ-5909426859,M1703,stage,31,0
ADZ-5909426700,M1703,stage,33,0
ADZ-5909049849,M1703,stage,95,0
ADZ-5910252709,M1620,stage,75,0
ADZ-5909267939,M1620,stage,77,0
ADZ-5909049678,M1620,stage,95,0
ADZ-5910253040,D1438,stage,59,0
ADZ-5910253651,M1718,stage,26,0
ADZ-5910236727,E1101,stage,75,0
ADZ-5909550100,E1101,stage,92,0
ADZ-5909548406,E1101,stage,34,0
ADZ-5909548371,E1101,stage,83,0
ADZ-5909510771,E1101,stage,06,0
ADZ-5909510630,E1101,stage,34,0
ADZ-5909294810,E1101,stage,75,0
ADZ-5909049867,M1886,stage,75,0
ADZ-5909310767,M1426,stage,69,0
ADZ-5909049427,M1426,stage,92,0
ADZ-5910231389,E1112,stage,,0
ADZ-5910230647,E1112,stage,49,0
ADZ-5910228710,E1112,stage,75,0
ADZ-5910020070,E1112,stage,95,0
ADZ-5909305546,E1112,stage,91,0
ADZ-5909110889,E1112,stage,92,0
ADZ-5910236917,E1107,stage,,0
ADZ-5910224328,E1107,stage,,0
ADZ-5910196383,E1112,stage,,0
ADZ-5909549653,E1107,stage,75,0
ADZ-5909049833,E1404,stage,95,0
ADZ-5908674583,M1718,alternance,35,0
ADZ-5908415741,M1718,alternance,92,0
ADZ-5907138100,E1112,alternance,67,0
ADZ-5906992756,M1718,alternance,60,0
ADZ-5906854867,M1718,alternance,75,0
ADZ-5906842233,M1718,alternance,75,0
ADZ-5906651224,M1716,alternance,77,0
ADZ-5907311384,M1705,alternance,59,0
ADZ-5906692816,M1705,alternance,75,0
ADZ-5906651206,M1703,alternance,92,0
ADZ-5907328468,M1620,alternance,75,0
ADZ-5906843459,M1620,alternance,75,0
ADZ-5907330437,D1438,alternance,06,0
ADZ-5907311343,D1438,alternance,59,0
ADZ-5907311337,D1438,alternance,59,0
ADZ-5907311331,D1438,alternance,59,0
ADZ-5906854763,E1113,alternance,92,0
ADZ-5908233351,E1101,alternance,91,0
ADZ-5907935970,E1101,alternance,75,0
ADZ-5907049691,E1101,alternance,06,0
ADZ-5907049666,E1101,alternance,75,0
ADZ-5907049625,E1101,alternance,75,0
ADZ-5906854866,E1101,alternance,21,0
ADZ-5906854819,E1101,alternance,75,0
ADZ-5906843415,E1101,alternance,62,0
ADZ-5906626815,E1101,alternance,75,0
ADZ-5907050152,M1886,alternance,39,0
ADZ-5907812497,M1426,alternance,93,0
ADZ-5907812594,E1112,alternance,73,0
ADZ-5906854828,E1112,alternance,06,0
ADZ-5906854740,M1718,alternance,33,0
ADZ-5906854803,E1112,alternance,11,0
ADZ-5906844080,E1112,alternance,34,0
ADZ-5906843856,E1112,alternance,75,0
ADZ-5906843083,E1112,alternance,95,0
ADZ-5906778895,E1112,alternance,,0
ADZ-5906651219,E1112,alternance,91,0
ADZ-5906651287,E1112,alternance,91,0
ADZ-5906651267,E1112,alternance,91,0
ADZ-5906626665,E1112,alternance,83,0
ADZ-5907935944,E1107,alternance,75,0
ADZ-5907812504,E1107,alternance,69,0
ADZ-5906642777,E1112,alternance,91,0
ADZ-5906482652,M1718,stage,44,0
ADZ-5908233360,M1705,stage,69,0
ADZ-5907468425,M1430,stage,92,0
ADZ-5907470057,M1703,stage,,0
ADZ-5907470061,M1703,stage,,0
ADZ-5908350267,M1620,stage,26,0
ADZ-5908339221,M1620,stage,75,0
ADZ-5907611998,M1620,stage,11,0
ADZ-5907466605,M1620,stage,35,0
ADZ-5907328565,M1620,stage,67,0
ADZ-5906482696,M1620,stage,44,0
ADZ-5908015582,E1101,stage,75,0
ADZ-5907468105,E1101,stage,75,0
ADZ-5908413869,E1124,stage,92,0
ADZ-5908408346,M1426,stage,,0
ADZ-5907346373,M1426,stage,69,0
ADZ-5908322644,E1112,stage,,0
ADZ-5908049157,E1112,stage,92,0
ADZ-5908049163,E1112,stage,92,0
ADZ-5908049146,E1112,stage,75,0
ADZ-5908015598,E1112,stage,78,0
ADZ-5907656639,E1112,stage,92,0
ADZ-5907470033,E1112,stage,35,0
ADZ-5908403926,E1127,stage,,0
ADZ-5908300069,E1107,stage,,0
ADZ-5907465902,E1107,stage,92,0
ADZ-5906852140,E1107,stage,75,0
ADZ-5906852110,D1510,stage,75,0
ADZ-5905716265,M1718,alternance,75,0
ADZ-5905415766,M1718,alternance,92,0
ADZ-5905415794,M1718,alternance,75,0
ADZ-5904923962,E1112,alternance,67,0
ADZ-5904875912,M1716,alternance,75,0
ADZ-5904499737,M1718,alternance,75,0
ADZ-5904900450,M1705,alternance,13,0
ADZ-5904499723,M1705,alternance,75,0
ADZ-5904827351,M1703,alternance,93,0
ADZ-5904494034,M1703,alternance,42,0
ADZ-5905906160,M1620,alternance,,0
ADZ-5905904980,M1620,alternance,,0
ADZ-5904875270,M1620,alternance,83,0
ADZ-5904827664,M1620,alternance,06,0
ADZ-5904827588,M1620,alternance,06,0
ADZ-5905722018,E1113,alternance,971,0
ADZ-5904829719,E1113,alternance,06,0
ADZ-5904826769,D1438,alternance,06,0
ADZ-5904575607,D1438,alternance,68,0
ADZ-5904499489,D1438,alternance,92,0
ADZ-5904498926,E1113,alternance,92,0
ADZ-5905911253,E1101,alternance,31,0
ADZ-5904906839,E1101,alternance,75,0
ADZ-5904499504,E1101,alternance,69,0
ADZ-5905927080,E1124,alternance,76,0
ADZ-5904499871,E1124,alternance,92,0
ADZ-5904499089,E1124,alternance,92,0
ADZ-5904499685,M1426,alternance,75,0
ADZ-5904499360,M1426,alternance,29,0
ADZ-5904980811,E1112,alternance,67,0
ADZ-5904498291,E1112,alternance,75,0
ADZ-5904492595,E1112,alternance,29,0
ADZ-5904356930,E1112,alternance,91,0
ADZ-5905250897,E1107,alternance,,0
ADZ-5904499994,D1510,alternance,49,0
ADZ-5904499881,D1510,alternance,75,0
ADZ-5905906828,M1718,stage,,0
ADZ-5905445220,M1426,stage,92,0
ADZ-5904498087,M1718,stage,75,0
ADZ-5905898772,M1705,stage,75,0
ADZ-5904957522,M1703,stage,92,0
ADZ-5904896724,M1703,stage,92,0
ADZ-5904855561,M1703,stage,92,0
ADZ-5904827405,M1703,stage,93,0
ADZ-5904497426,M1718,stage,75,0
ADZ-5905927379,M1620,stage,,0
ADZ-5905445318,M1620,stage,92,0
ADZ-5904981639,M1620,stage,33,0
ADZ-5904972473,M1620,stage,75,0
ADZ-5904948838,M1620,stage,94,0
ADZ-5904948692,M1620,stage,94,0
ADZ-5904948662,M1620,stage,94,0
ADZ-5904945998,M1620,stage,94,0
ADZ-5904945966,M1620,stage,94,0
ADZ-5904871107,M1620,stage,94,0
ADZ-5904499558,M1620,stage,64,0
ADZ-5904499343,M1620,stage,75,0
ADZ-5904497437,M1620,stage,75,0
ADZ-5904498167,M1705,stage,75,0
ADZ-5905925248,D1438,stage,,0
ADZ-5905908871,D1438,stage,,0
ADZ-5904500760,E1113,stage,75,0
ADZ-5904497993,E1113,stage,94,0
ADZ-5904497480,M1718,stage,75,0
ADZ-5904899868,E1101,stage,56,0
ADZ-5904498018,E1101,stage,94,0
ADZ-5904497429,E1101,stage,75,0
ADZ-5904497396,E1101,stage,75,0
ADZ-5905918416,M1886,stage,,0
ADZ-5905914784,M1426,stage,,0
ADZ-5904498911,M1426,stage,75,0
ADZ-5904940506,E1127,stage,75,0
ADZ-5904855316,E1127,stage,92,0
ADZ-5904855372,E1127,stage,92,0
ADZ-5904496274,E1127,stage,75,0
ADZ-5905924476,E1112,stage,69,0
ADZ-5905914945,E1112,stage,,0
ADZ-5904975484,E1112,stage,,0
ADZ-5904945322,E1112,stage,92,0
ADZ-5904882364,E1103,stage,44,0
ADZ-5904981283,E1112,stage,,0
ADZ-5904499719,E1107,stage,75,0
ADZ-5904496716,E1107,stage,75,0
ADZ-5904496738,E1107,stage,75,0
ADZ-5904496712,E1107,stage,75,0
ADZ-5904496719,M1426,stage,75,0
ADZ-5904496677,E1107,stage,75,0
ADZ-5903774853,M1718,alternance,35,0
ADZ-5903321623,M1718,alternance,33,0
ADZ-5903498240,M1705,alternance,84,0
ADZ-5903551047,M1620,alternance,974,0
ADZ-5903481933,M1620,alternance,13,0
ADZ-5903774949,E1101,alternance,75,0
ADZ-5903834104,E1112,alternance,35,0
ADZ-5903774847,M1718,alternance,33,0
ADZ-5903551048,E1112,alternance,974,0
ADZ-5903518830,E1112,alternance,44,0
ADZ-5903481747,E1112,alternance,67,0
ADZ-5903480764,E1112,alternance,91,0
ADZ-5903157156,E1112,alternance,83,0
ADZ-5903156459,E1112,alternance,91,0
ADZ-5903796772,M1718,stage,53,0
ADZ-5903499705,M1718,stage,67,0
ADZ-5903481823,M1718,stage,75,0
ADZ-5903502236,M1718,stage,92,0
ADZ-5903501773,M1705,stage,92,0
ADZ-5904055301,M1703,stage,92,0
ADZ-5904054564,M1703,stage,75,0
ADZ-5904044047,M1703,stage,93,0
ADZ-5904041395,M1703,stage,92,0
ADZ-5903554821,M1703,stage,92,0
ADZ-5904044335,M1620,stage,75,0
ADZ-5903796784,M1620,stage,75,0
ADZ-5903556130,M1620,stage,92,0
ADZ-5904045936,M1620,stage,75,0
ADZ-5904041951,M1620,stage,,0
ADZ-5903558705,M1620,stage,75,0
ADZ-5903267880,E1127,stage,92,0
ADZ-5904064966,E1112,stage,,0
ADZ-5904040295,E1112,stage,94,0
ADZ-5903624123,E1112,stage,75,0
ADZ-5903558065,E1112,stage,75,0
ADZ-5903554340,E1124,stage,75,0
ADZ-5903499615,E1112,stage,92,0
ADZ-5902595650,M1705,alternance,974,0
ADZ-5902974041,M1620,alternance,13,0
ADZ-5902983759,E1113,alternance,92,0
ADZ-5902553715,E1113,alternance,31,0
ADZ-5902553598,E1101,alternance,,0
ADZ-5902352119,M1705,alternance,35,0
ADZ-5902297982,E1112,alternance,,0
ADZ-5902285308,E1112,alternance,75,0
ADZ-5902043167,E1112,alternance,91,0
ADZ-5902043157,E1107,alternance,91,0
ADZ-5902598176,M1703,stage,,0
ADZ-5902599374,M1620,stage,92,0
ADZ-5902750578,E1101,stage,44,0
ADZ-5902041021,E1124,stage,75,0
ADZ-5902212205,E1127,stage,92,0
ADZ-5902910293,M1705,stage,,0
ADZ-5902553164,E1112,stage,44,0
ADZ-5901490109,E1113,alternance,974,0
ADZ-5901490110,E1113,alternance,974,0
ADZ-5901705130,E1112,alternance,,0
ADZ-5901709215,M1718,stage,75,0
ADZ-5900735389,M1718,alternance,92,0
ADZ-5900179116,M1718,alternance,13,0
ADZ-5900708758,M1705,alternance,,0
ADZ-5900730076,M1620,alternance,13,0
ADZ-5900727821,M1620,alternance,75,0
ADZ-5900179121,M1620,alternance,80,0
ADZ-5900179122,M1620,alternance,,0
ADZ-5900740823,E1101,alternance,75,0
ADZ-5900721613,E1101,alternance,75,0
ADZ-5900718107,E1101,alternance,75,0
ADZ-5900322930,E1101,alternance,92,0
ADZ-5900751385,E1124,alternance,92,0
ADZ-5900322738,E1124,alternance,75,0
ADZ-5900721011,E1112,alternance,75,0
ADZ-5900717793,E1112,alternance,14,0
ADZ-5900716791,E1112,alternance,75,0
ADZ-5900179124,E1112,alternance,06,0
ADZ-5900713376,E1107,alternance,13,0
ADZ-5900754508,M1718,stage,75,0
ADZ-5900746438,M1718,stage,75,0
ADZ-5900745608,M1718,stage,92,0
ADZ-5900745369,M1718,stage,75,0
ADZ-5900728158,M1718,stage,75,0
ADZ-5900719979,E1112,stage,75,0
ADZ-5900719240,M1718,stage,34,0
ADZ-5900708246,M1718,stage,75,0
ADZ-5900723939,M1705,stage,92,0
ADZ-5900729500,M1703,stage,92,0
ADZ-5900720943,M1703,stage,,0
ADZ-5900749385,M1620,stage,94,0
ADZ-5900746092,M1620,stage,75,0
ADZ-5900742352,M1620,stage,94,0
ADZ-5900740151,M1620,stage,75,0
ADZ-5900725264,M1620,stage,75,0
ADZ-5900720390,M1620,stage,94,0
ADZ-5900714794,M1620,stage,94,0
ADZ-5900708578,M1620,stage,75,0
ADZ-5900327133,M1620,stage,69,0
ADZ-5900753723,M1430,stage,75,0
ADZ-5900736974,M1620,stage,92,0
ADZ-5900722508,D1438,stage,75,0
ADZ-5900747402,E1101,stage,69,0
ADZ-5900746212,E1124,stage,69,0
ADZ-5900740499,E1101,stage,92,0
ADZ-5900729770,E1101,stage,92,0
ADZ-5900731536,E1124,stage,75,0
ADZ-5900711157,E1124,stage,75,0
ADZ-5900747092,E1127,stage,92,0
ADZ-5900738600,M1718,stage,75,0
ADZ-5900349714,E1112,stage,75,0
ADZ-5900735833,E1107,stage,75,0
ADZ-5900719773,E1107,stage,75,0
ADZ-5899534055,M1718,alternance,13,0
ADZ-5899318106,M1718,alternance,92,0
ADZ-5899251416,M1718,alternance,35,0
ADZ-5899251404,E1112,alternance,35,0
ADZ-5899872874,M1703,alternance,75,0
ADZ-5899853514,M1703,alternance,92,0
ADZ-5899328151,M1703,alternance,95,0
ADZ-5899591762,E1101,alternance,14,0
ADZ-5899071424,E1101,alternance,42,0
ADZ-5899534046,M1886,alternance,39,0
ADZ-5899865552,E1112,alternance,,0
ADZ-5899534056,E1112,alternance,06,0
ADZ-5899071447,E1112,alternance,13,0
ADZ-5899007887,E1112,alternance,92,0
ADZ-5899329079,M1705,stage,92,0
ADZ-5898986958,M1718,stage,46,0
ADZ-5899247074,M1705,stage,92,0
ADZ-5898986697,M1718,stage,92,0
ADZ-5898986751,M1705,stage,92,0
ADZ-5898986720,M1705,stage,92,0
ADZ-5898986341,M1718,stage,92,0
ADZ-5899834530,M1703,stage,,0
ADZ-5899007885,M1703,stage,78,0
ADZ-5898987913,M1703,stage,44,0
ADZ-5898987839,M1703,stage,44,0
ADZ-5898987910,M1703,stage,44,0
ADZ-5898987939,M1703,stage,44,0
ADZ-5899329347,M1620,stage,92,0
ADZ-5899843289,E1113,stage,92,0
ADZ-5898842454,E1124,stage,75,0
ADZ-5899329346,E1127,stage,,0
ADZ-5898988041,E1112,stage,29,0
ADZ-5898986307,E1112,stage,92,0
ADZ-5899317493,E1107,stage,75,0
ADZ-5899317485,E1107,stage,92,0
ADZ-5898988139,E1107,stage,31,0
ADZ-5898988071,E1107,stage,75,0
ADZ-5898987599,E1112,stage,29,0
ADZ-5898987200,E1107,stage,49,0
ADZ-5898987116,E1107,stage,49,0
ADZ-5897778935,M1718,alternance,974,0
ADZ-5898159589,M1705,alternance,75,0
ADZ-5897730416,M1705,alternance,75,0
ADZ-5897730278,M1705,alternance,84,0
ADZ-5897730287,M1705,alternance,34,0
ADZ-5897729950,M1705,alternance,,0
ADZ-5898214552,M1620,alternance,78,0
ADZ-5898159583,M1620,alternance,80,0
ADZ-5898159585,M1620,alternance,51,0
ADZ-5897908108,M1620,alternance,75,0
ADZ-5897908016,M1620,alternance,75,0
ADZ-5897730267,M1620,alternance,91,0
ADZ-5898473990,D1438,alternance,75,0
ADZ-5897909882,E1113,alternance,75,0
ADZ-5897909214,E1113,alternance,75,0
ADZ-5897729948,E1113,alternance,69,0
ADZ-5898516310,E1101,alternance,78,0
ADZ-5898487453,E1101,alternance,92,0
ADZ-5897645555,E1101,alternance,75,0
ADZ-5897730258,M1886,alternance,77,0
ADZ-5898521654,E1127,alternance,49,0
ADZ-5898482871,E1112,alternance,75,0
ADZ-5897915107,E1112,alternance,69,0
ADZ-5897908156,E1112,alternance,,0
ADZ-5897907820,E1112,alternance,57,0
ADZ-5897907333,E1112,alternance,57,0
ADZ-5897730301,E1112,alternance,,0
ADZ-5897730244,E1112,alternance,94,0
ADZ-5897645593,M1620,stage,75,0
ADZ-5898519927,M1703,stage,75,0
ADZ-5898500704,M1703,stage,92,0
ADZ-5898482124,M1703,stage,06,0
ADZ-5898479051,M1703,stage,,0
ADZ-5898018119,M1703,stage,75,0
ADZ-5897941165,M1703,stage,92,0
ADZ-5897907248,M1703,stage,35,0
ADZ-5897778891,M1703,stage,64,0
ADZ-5898509039,M1620,stage,33,0
ADZ-5898505701,M1620,stage,35,0
ADZ-5898501690,M1620,stage,75,0
ADZ-5897808211,M1620,stage,59,0
ADZ-5897723997,M1620,stage,69,0
ADZ-5898484683,E1112,stage,35,0
ADZ-5898468804,E1112,stage,75,0
ADZ-5898321887,E1112,stage,75,0
ADZ-5898321170,E1112,stage,75,0
ADZ-5898469515,E1107,stage,,0
ADZ-5896332742,M1718,alternance,75,0
ADZ-5896641264,M1705,alternance,34,0
ADZ-5896641235,M1705,alternance,51,0
ADZ-5896641185,M1705,alternance,84,0
ADZ-5896310991,M1718,alternance,74,0
ADZ-5895965345,M1705,alternance,48,0
ADZ-5896641221,M1620,alternance,91,0
ADZ-5896303053,M1620,alternance,13,0
ADZ-5897126650,E1113,alternance,31,0
ADZ-5896641243,E1113,alternance,01,0
ADZ-5896302203,D1438,alternance,75,0
ADZ-5896302132,D1438,alternance,75,0
ADZ-5895789926,E1113,alternance,75,0
ADZ-5896311040,E1101,alternance,69,0
ADZ-5896065223,E1101,alternance,69,0
ADZ-5895789901,E1101,alternance,,0
ADZ-5895789888,E1101,alternance,34,0
ADZ-5895789918,E1101,alternance,06,0
ADZ-5895789924,E1101,alternance,13,0
ADZ-5895789917,E1101,alternance,73,0
ADZ-5895789913,E1101,alternance,75,0
ADZ-5895776834,E1101,alternance,75,0
ADZ-5897046349,M1886,alternance,77,0
ADZ-5896696220,E1112,alternance,88,0
ADZ-5896696102,E1112,alternance,88,0
ADZ-5896641203,E1112,alternance,94,0
ADZ-5896641189,E1112,alternance,78,0
ADZ-5896311043,E1112,alternance,01,0
ADZ-5896695827,E1107,alternance,88,0
ADZ-5896695535,E1107,alternance,57,0
ADZ-5896695418,E1107,alternance,55,0
ADZ-5896302993,E1107,alternance,75,0
ADZ-5896301986,E1107,alternance,75,0
ADZ-5896370179,M1430,stage,94,0
ADZ-5896355668,M1705,stage,75,0
ADZ-5896369877,M1703,stage,92,0
ADZ-5896369875,M1703,stage,,0
ADZ-5896368813,M1703,stage,75,0
ADZ-5897065306,M1620,stage,94,0
ADZ-5896370081,M1620,stage,94,0
ADZ-5896370082,M1620,stage,94,0
ADZ-5896370083,M1620,stage,94,0
ADZ-5896370079,M1620,stage,94,0
ADZ-5896370080,M1620,stage,94,0
ADZ-5896370078,M1620,stage,94,0
ADZ-5897042880,E1101,stage,75,0
ADZ-5896369064,E1101,stage,,0
ADZ-5897063830,E1112,stage,75,0
ADZ-5896369747,E1112,stage,85,0
ADZ-5897070671,E1107,stage,94,0
ADZ-5897060784,E1107,stage,92,0
ADZ-5897035023,E1107,stage,,0
ADZ-5896693008,M1426,stage,75,0
ADZ-5896370178,E1107,stage,35,0
ADZ-5896363597,E1107,stage,,0
ADZ-5896031934,E1107,stage,34,0
ADZ-5896031965,E1107,stage,64,0
ADZ-5895053988,M1718,alternance,74,0
ADZ-5894788278,M1705,alternance,69,0
ADZ-5894620223,M1705,alternance,69,0
ADZ-5894620478,M1718,alternance,,0
ADZ-5894620495,M1718,alternance,,0
ADZ-5894620551,M1620,alternance,41,0
ADZ-5895096472,D1438,alternance,54,0
ADZ-5895096380,D1438,alternance,54,0
ADZ-5895054029,E1101,alternance,69,0
ADZ-5895053993,E1101,alternance,75,0
ADZ-5894844821,E1101,alternance,974,0
ADZ-5894783982,E1101,alternance,13,0
ADZ-5894620529,E1101,alternance,75,0
ADZ-5894783648,E1112,alternance,83,0
ADZ-5894637746,E1112,alternance,76,0
ADZ-5894620477,E1112,alternance,75,0
ADZ-5894620447,E1112,alternance,29,0
ADZ-5894543314,E1112,alternance,01,0
ADZ-5894784096,E1107,alternance,75,0
ADZ-5894411440,M1705,stage,06,0
ADZ-5894782688,M1703,stage,85,0
ADZ-5894668093,M1703,stage,91,0
ADZ-5894740874,M1620,stage,44,0
ADZ-5895411401,E1124,stage,92,0
ADZ-5895355957,D1438,stage,,0
ADZ-5895474041,E1124,stage,54,0
ADZ-5895405230,M1426,stage,44,0
ADZ-5893624483,M1718,alternance,12,0
ADZ-5893235902,M1705,alternance,19,0
ADZ-5893819898,M1718,alternance,45,0
ADZ-5893819889,M1705,alternance,69,0
ADZ-5893624522,M1718,alternance,12,0
ADZ-5893590585,M1705,alternance,37,0
ADZ-5894171275,M1620,alternance,50,0
ADZ-5893819916,M1620,alternance,92,0
ADZ-5893555754,M1620,alternance,92,0
ADZ-5893624514,E1101,alternance,974,0
ADZ-5893624544,E1101,alternance,12,0
ADZ-5893851873,E1112,alternance,14,0
ADZ-5893819926,E1112,alternance,75,0
ADZ-5893819912,E1112,alternance,29,0
ADZ-5893596709,E1112,alternance,63,0
ADZ-5893591071,E1112,alternance,67,0
ADZ-5893393348,E1112,alternance,29,0
ADZ-5893245781,E1112,alternance,75,0
ADZ-5893245585,E1112,alternance,59,0
ADZ-5893439559,E1124,stage,75,0
ADZ-5894119200,E1112,stage,75,0
ADZ-5893625030,E1112,stage,,0
ADZ-5893625031,E1112,stage,35,0
ADZ-5892692416,E1101,alternance,12,0
ADZ-5892693529,M1620,stage,75,0
ADZ-5892992989,E1124,stage,92,0
ADZ-5892977149,E1112,stage,75,0
ADZ-5891909461,M1705,alternance,,0
ADZ-5891224359,M1705,alternance,77,0
ADZ-5891914745,M1620,alternance,75,0
ADZ-5891224272,E1101,alternance,93,0
ADZ-5891927955,E1127,alternance,,0
ADZ-5891224282,E1112,alternance,,0
ADZ-5891903730,M1718,stage,92,0
ADZ-5891929088,M1705,stage,75,0
ADZ-5891911036,M1718,stage,92,0
ADZ-5891926708,M1703,stage,92,0
ADZ-5891906074,M1620,stage,92,0
ADZ-5891406707,E1101,stage,93,0
ADZ-5891881511,E1124,stage,92,0
ADZ-5890199747,M1718,alternance,75,0
ADZ-5890199152,M1716,alternance,06,0
ADZ-5890478148,M1705,alternance,77,0
ADZ-5890045305,M1705,alternance,62,0
ADZ-5890812585,M1703,alternance,29,0
ADZ-5890201643,M1703,alternance,75,0
ADZ-5890190839,M1703,alternance,75,0
ADZ-5890198872,M1620,alternance,75,0
ADZ-5890198759,M1620,alternance,75,0
ADZ-5890243606,D1438,alternance,92,0
ADZ-5890208394,E1113,alternance,69,0
ADZ-5890198760,D1438,alternance,75,0
ADZ-5890190825,E1113,alternance,77,0
ADZ-5890812985,E1101,alternance,,0
ADZ-5890199810,E1101,alternance,75,0
ADZ-5890199780,E1101,alternance,75,0
ADZ-5890199140,E1101,alternance,06,0
ADZ-5890045308,E1101,alternance,34,0
ADZ-5890045336,E1101,alternance,75,0
ADZ-5889993661,E1101,alternance,92,0
ADZ-5890810229,E1127,alternance,,0
ADZ-5890795341,E1112,alternance,,0
ADZ-5890478112,E1112,alternance,84,0
ADZ-5890478130,E1112,alternance,91,0
ADZ-5890045304,E1112,alternance,62,0
ADZ-5890032144,E1112,alternance,75,0
ADZ-5890199776,E1103,alternance,75,0
ADZ-5890199764,E1112,alternance,75,0
ADZ-5890199749,E1107,alternance,75,0
ADZ-5890641143,M1718,stage,78,0
ADZ-5890026974,M1716,stage,75,0
ADZ-5890026947,M1718,stage,75,0
ADZ-5890026964,M1705,stage,75,0
ADZ-5890026967,M1705,stage,75,0
ADZ-5890775610,M1703,stage,93,0
ADZ-5890032223,M1620,stage,75,0
ADZ-5890026953,M1620,stage,75,0
ADZ-5890026951,M1620,stage,75,0
ADZ-5890243879,D1438,stage,92,0
ADZ-5890240618,E1101,stage,,0
ADZ-5890843621,E1124,stage,92,0
ADZ-5890844726,M1426,stage,,0
ADZ-5890243580,M1426,stage,31,0
ADZ-5890026965,E1127,stage,75,0
ADZ-5890799674,E1112,stage,92,0
ADZ-5890788535,E1112,stage,,0
ADZ-5890244367,E1112,stage,75,0
ADZ-5890844667,E1107,stage,31,0
ADZ-5890833424,E1107,stage,78,0
ADZ-5890819192,E1107,stage,75,0
ADZ-5890802594,E1107,stage,31,0
ADZ-5890238167,E1107,stage,,0
ADZ-5888723395,M1718,alternance,75,0
ADZ-5889075724,M1705,alternance,62,0
ADZ-5888289811,M1705,alternance,53,0
ADZ-5888286994,M1705,alternance,92,0
ADZ-5889601392,M1703,alternance,,0
ADZ-5889514839,M1620,alternance,,0
ADZ-5888762485,M1620,alternance,92,0
ADZ-5888724073,M1620,alternance,75,0
ADZ-5888723902,M1620,alternance,75,0
ADZ-5888722985,M1620,alternance,75,0
ADZ-5888721767,M1620,alternance,75,0
ADZ-5888517474,M1620,alternance,75,0
ADZ-5888744837,E1113,alternance,,0
ADZ-5889576604,E1101,alternance,92,0
ADZ-5889075713,E1101,alternance,75,0
ADZ-5888550228,E1101,alternance,74,0
ADZ-5888550176,E1112,alternance,73,0
ADZ-5888517479,E1101,alternance,67,0
ADZ-5888723039,E1124,alternance,75,0
ADZ-5888723964,E1112,alternance,75,0
ADZ-5888723931,E1112,alternance,75,0
ADZ-5888722000,E1112,alternance,75,0
ADZ-5888721986,E1112,alternance,75,0
ADZ-5888721975,E1112,alternance,75,0
ADZ-5888721927,M1705,alternance,75,0
ADZ-5888721768,E1112,alternance,75,0
ADZ-5888721742,E1112,alternance,75,0
ADZ-5888723973,E1112,alternance,75,0
ADZ-5888723443,E1107,alternance,75,0
ADZ-5888723169,E1107,alternance,75,0
ADZ-5888722575,E1107,alternance,75,0
ADZ-5888722986,E1404,alternance,75,0
ADZ-5888476185,D1510,alternance,44,0
ADZ-5888476233,D1510,alternance,34,0
ADZ-5888759345,M1703,stage,75,0
ADZ-5888635388,M1703,stage,,0
ADZ-5889608978,M1620,stage,92,0
ADZ-5889545848,M1620,stage,78,0
ADZ-5889539674,M1620,stage,92,0
ADZ-5888775886,M1620,stage,31,0
ADZ-5888775881,M1426,stage,31,0
ADZ-5888775887,M1426,stage,31,0
ADZ-5888775873,M1426,stage,92,0
ADZ-5888775878,M1426,stage,92,0
ADZ-5888775889,M1426,stage,92,0
ADZ-5888775880,M1426,stage,92,0
ADZ-5888291425,E1112,stage,75,0
ADZ-5889492472,D1510,stage,66,0
ADZ-5887002883,M1718,alternance,75,0
ADZ-5887506032,M1620,alternance,75,0
ADZ-5887162897,M1620,alternance,75,0
ADZ-5887161678,M1620,alternance,75,0
ADZ-5887160327,E1113,alternance,75,0
ADZ-5887984874,E1101,alternance,67,0
ADZ-5887506019,E1101,alternance,67,0
ADZ-5886914746,E1101,alternance,67,0
ADZ-5887506012,E1112,alternance,,0
ADZ-5886977183,E1112,alternance,13,0
ADZ-5887162947,E1107,alternance,75,0
ADZ-5887162902,E1107,alternance,75,0
ADZ-5887162942,E1107,alternance,75,0
ADZ-5887939022,M1718,stage,75,0
ADZ-5887912511,M1718,stage,92,0
ADZ-5887895584,M1718,stage,75,0
ADZ-5886962146,M1705,stage,60,0
ADZ-5887971850,M1703,stage,75,0
ADZ-5887963949,M1703,stage,,0
ADZ-5887960997,M1703,stage,,0
ADZ-5887942147,M1703,stage,,0
ADZ-5887923255,M1703,stage,,0
ADZ-5887818792,M1703,stage,93,0
ADZ-5887818708,M1703,stage,78,0
ADZ-5887818679,M1703,stage,91,0
ADZ-5887818717,M1703,stage,93,0
ADZ-5887818739,M1703,stage,94,0
ADZ-5887818684,M1703,stage,77,0
ADZ-5887818689,M1703,stage,78,0
ADZ-5887818703,M1703,stage,95,0
ADZ-5887818634,M1703,stage,95,0
ADZ-5887818625,M1703,stage,92,0
ADZ-5887818656,M1703,stage,92,0
ADZ-5887818629,M1703,stage,92,0
ADZ-5887818667,M1703,stage,94,0
ADZ-5887818626,M1703,stage,93,0
ADZ-5887818659,M1703,stage,91,0
ADZ-5887818675,M1703,stage,91,0
ADZ-5887818642,M1703,stage,94,0
ADZ-5887818623,M1703,stage,73,0
ADZ-5887818558,M1703,stage,35,0
ADZ-5887818543,M1703,stage,78,0
ADZ-5887818591,M1703,stage,78,0
ADZ-5887818567,M1703,stage,75,0
ADZ-5887818546,M1703,stage,62,0
ADZ-5887818600,M1703,stage,92,0
ADZ-5887818492,M1703,stage,95,0
ADZ-5887818527,M1703,stage,44,0
ADZ-5887229737,M1703,stage,,0
ADZ-5887228145,M1703,stage,94,0
ADZ-5887189423,M1703,stage,94,0
ADZ-5887073797,M1703,stage,78,0
ADZ-5887073747,M1703,stage,91,0
ADZ-5887073613,M1703,stage,94,0
ADZ-5887073595,M1703,stage,78,0
ADZ-5887073587,M1703,stage,91,0
ADZ-5888029102,M1620,stage,59,0
ADZ-5887992958,M1620,stage,69,0
ADZ-5887964692,M1620,stage,,0
ADZ-5887932874,M1620,stage,21,0
ADZ-5887894720,M1620,stage,75,0
ADZ-5887881641,M1620,stage,,0
ADZ-5887230398,M1620,stage,92,0
ADZ-5887229724,M1620,stage,75,0
ADZ-5887216380,M1620,stage,75,0
ADZ-5886961410,M1620,stage,14,0
ADZ-5886961003,M1620,stage,31,0
ADZ-5887963994,E1113,stage,75,0
ADZ-5886710864,M1620,stage,33,0
ADZ-5887908217,E1107,stage,59,0
ADZ-5887935099,E1124,stage,75,0
ADZ-5887877073,E1124,stage,75,0
ADZ-5886962157,E1124,stage,92,0
ADZ-5887229301,M1426,stage,31,0
ADZ-5886848496,M1426,stage,31,0
ADZ-5887925951,E1112,stage,,0
ADZ-5887229327,E1112,stage,92,0
ADZ-5886961996,E1112,stage,78,0
ADZ-5886961995,E1112,stage,78,0
ADZ-5887994900,E1107,stage,75,0
ADZ-5887229794,E1107,stage,92,0
ADZ-5886961494,E1107,stage,60,0
ADZ-5885633144,M1718,alternance,75,0
ADZ-5885627930,M1705,alternance,33,0
ADZ-5885632802,M1703,alternance,75,0
ADZ-5885631330,M1703,alternance,75,0
ADZ-5885632864,M1620,alternance,75,0
ADZ-5885632744,M1620,alternance,83,0
ADZ-5885632695,M1620,alternance,75,0
ADZ-5885631861,M1620,alternance,75,0
ADZ-5885712326,E1113,alternance,62,0
ADZ-5885706017,E1113,alternance,974,0
ADZ-5885632877,D1438,alternance,75,0
ADZ-5885632099,E1101,alternance,34,0
ADZ-5885492424,E1101,alternance,59,0
ADZ-5885446471,E1101,alternance,75,0
ADZ-5886480054,E1112,alternance,06,0
ADZ-5885961887,E1112,alternance,13,0
ADZ-5885961848,E1112,alternance,68,0
ADZ-5885630073,E1112,alternance,57,0
ADZ-5885629829,E1112,alternance,33,0
ADZ-5885628458,E1112,alternance,33,0
ADZ-5885627885,E1112,alternance,33,0
ADZ-5885446468,E1112,alternance,45,0
ADZ-5885446487,E1112,alternance,,0
ADZ-5885230827,E1112,alternance,74,0
ADZ-5886647829,M1703,stage,92,0
ADZ-5886647818,M1703,stage,92,0
ADZ-5886647801,M1703,stage,78,0
ADZ-5886647808,M1703,stage,75,0
ADZ-5886647820,M1703,stage,92,0
ADZ-5886647812,M1703,stage,94,0
ADZ-5886647815,M1703,stage,95,0
ADZ-5886647821,M1703,stage,93,0
ADZ-5886647817,M1703,stage,91,0
ADZ-5886647804,M1703,stage,93,0
ADZ-5886647819,M1703,stage,73,0
ADZ-5886647758,M1703,stage,94,0
ADZ-5886647773,M1703,stage,35,0
ADZ-5886647776,M1703,stage,77,0
ADZ-5886647769,M1703,stage,44,0
ADZ-5886647796,M1703,stage,93,0
ADZ-5886647756,M1703,stage,95,0
ADZ-5886647754,M1703,stage,78,0
ADZ-5886647736,M1703,stage,91,0
ADZ-5886647753,M1703,stage,62,0
ADZ-5886647731,M1703,stage,78,0
ADZ-5886647718,M1703,stage,95,0
ADZ-5886647667,M1703,stage,93,0
ADZ-5886647676,M1703,stage,92,0
ADZ-5886647665,M1703,stage,93,0
ADZ-5886647663,M1703,stage,92,0
ADZ-5886647662,M1703,stage,94,0
ADZ-5886647653,M1703,stage,78,0
ADZ-5886647650,M1703,stage,95,0
ADZ-5886647655,M1703,stage,91,0
ADZ-5886647659,M1703,stage,92,0
ADZ-5886647630,M1703,stage,94,0
ADZ-5886647621,M1703,stage,91,0
ADZ-5886647648,M1703,stage,92,0
ADZ-5886647604,M1703,stage,78,0
ADZ-5886647631,M1703,stage,92,0
ADZ-5886647614,M1703,stage,93,0
ADZ-5886647601,M1703,stage,77,0
ADZ-5886647622,M1703,stage,75,0
ADZ-5886647624,M1703,stage,94,0
ADZ-5886647626,M1703,stage,95,0
ADZ-5886647606,M1703,stage,73,0
ADZ-5886647591,M1703,stage,62,0
ADZ-5886647566,M1703,stage,95,0
ADZ-5886647562,M1703,stage,35,0
ADZ-5886647577,M1703,stage,78,0
ADZ-5886647532,M1703,stage,44,0
ADZ-5885705314,M1703,stage,75,0
ADZ-5885703928,M1703,stage,71,0
ADZ-5885703932,M1703,stage,73,0
ADZ-5885691695,M1620,stage,92,0
ADZ-5885668659,M1620,stage,21,0
ADZ-5885628661,M1620,stage,75,0
ADZ-5885232127,M1620,stage,75,0
ADZ-5885705318,E1113,stage,75,0
ADZ-5885231627,E1101,stage,75,0
ADZ-5885705248,E1124,stage,75,0
ADZ-5885704765,E1124,stage,75,0
ADZ-5886145882,M1426,stage,92,0
ADZ-5885709582,E1112,stage,59,0
ADZ-5885621837,M1718,stage,,0
ADZ-5885496726,E1107,stage,33,0
ADZ-5885239462,D1510,stage,75,0
ADZ-5885239479,D1510,stage,92,0
ADZ-5884370111,M1718,alternance,92,0
ADZ-5884371771,M1620,alternance,974,0
ADZ-5884371656,M1620,alternance,974,0
ADZ-5884371554,M1620,alternance,974,0
ADZ-5884172070,M1620,alternance,38,0
ADZ-5884502829,E1101,alternance,75,0
ADZ-5884776732,E1124,alternance,75,0
ADZ-5884502819,E1112,alternance,45,0
ADZ-5884371490,M1705,alternance,974,0
ADZ-5884313311,E1112,alternance,57,0
ADZ-5884136442,E1112,alternance,92,0
ADZ-5884955809,M1718,stage,75,0
ADZ-5884370067,M1718,stage,75,0
ADZ-5883981266,M1718,stage,92,0
ADZ-5884370048,M1620,stage,75,0
ADZ-5884171996,E1107,stage,38,0
ADZ-5884574518,D1510,stage,75,0
ADZ-5883082159,M1705,alternance,59,0
ADZ-5883082103,M1705,alternance,92,0
ADZ-5883644619,M1718,stage,75,0
ADZ-5883082164,M1620,stage,92,0
ADZ-5883719748,E1127,stage,44,0
ADZ-5882217191,M1705,alternance,74,0
ADZ-5882085616,M1705,alternance,92,0
ADZ-5882085614,M1705,alternance,74,0
ADZ-5882085734,M1703,alternance,78,0
ADZ-5882212105,M1620,alternance,75,0
ADZ-5882085603,E1101,alternance,13,0
ADZ-5881865583,E1124,alternance,33,0
ADZ-5882782699,M1620,stage,,0
ADZ-5882774270,M1620,stage,35,0
ADZ-5882765086,E1112,stage,75,0
ADZ-5880613617,M1620,alternance,63,0
ADZ-5880231148,M1718,alternance,75,0
ADZ-5880364408,M1705,alternance,75,0
ADZ-5880364413,M1705,alternance,74,0
ADZ-5880364411,M1705,alternance,92,0
ADZ-5880900407,M1703,alternance,92,0
ADZ-5881163719,E1113,alternance,76,0
ADZ-5880603096,E1113,alternance,75,0
ADZ-5880904978,E1101,alternance,26,0
ADZ-5880229098,E1101,alternance,59,0
ADZ-5881128332,E1112,alternance,,0
ADZ-5881127600,M1705,alternance,,0
ADZ-5881125547,E1112,alternance,,0
ADZ-5880441065,E1112,alternance,75,0
ADZ-5880426904,E1112,alternance,31,0
ADZ-5880603043,E1107,alternance,75,0
ADZ-5880674171,M1703,stage,,0
ADZ-5880674147,M1703,stage,,0
ADZ-5880674144,M1703,stage,,0
ADZ-5880674161,M1703,stage,,0
ADZ-5881121341,M1620,stage,75,0
ADZ-5881116507,D1438,stage,75,0
ADZ-5880739953,D1438,stage,11,0
ADZ-5880995080,M1426,stage,44,0
ADZ-5880995078,M1426,stage,44,0
ADZ-5881164676,E1107,stage,75,0
ADZ-5880674418,E1107,stage,92,0
ADZ-5879855827,M1716,alternance,75,0
ADZ-5879127044,M1718,alternance,93,0
ADZ-5879126944,M1718,alternance,83,0
ADZ-5878962696,E1112,alternance,44,0
ADZ-5879288099,M1705,alternance,80,0
ADZ-5879126959,M1718,alternance,92,0
ADZ-5879126992,M1620,alternance,,0
ADZ-5879288526,D1438,alternance,75,0
ADZ-5879399133,E1112,alternance,85,0
ADZ-5879290422,E1112,alternance,60,0
ADZ-5879289393,E1112,alternance,80,0
ADZ-5879083256,E1112,alternance,75,0
ADZ-5879083235,E1112,alternance,75,0
ADZ-5878963111,E1112,alternance,29,0
ADZ-5878936287,E1112,alternance,75,0
ADZ-5879367763,E1107,alternance,75,0
ADZ-5879937767,M1718,stage,75,0
ADZ-5879297876,M1718,stage,69,0
ADZ-5879297217,M1718,stage,01,0
ADZ-5879927561,M1705,stage,,0
ADZ-5879102766,M1430,stage,35,0
ADZ-5879468070,M1703,stage,92,0
ADZ-5879369073,M1703,stage,,0
ADZ-5879369074,M1703,stage,,0
ADZ-5879369064,M1703,stage,,0
ADZ-5879346907,M1703,stage,92,0
ADZ-5879346909,M1703,stage,92,0
ADZ-5879102798,M1703,stage,35,0
ADZ-5879102271,M1703,stage,92,0
ADZ-5879102258,M1703,stage,92,0
ADZ-5879102257,M1703,stage,92,0
ADZ-5879102263,M1703,stage,92,0
ADZ-5879102179,M1703,stage,92,0
ADZ-5879102152,M1703,stage,92,0
ADZ-5879102184,M1703,stage,75,0
ADZ-5879315021,M1620,stage,44,0
ADZ-5879102736,M1620,stage,75,0
ADZ-5879102606,M1620,stage,,0
ADZ-5879102275,M1620,stage,92,0
ADZ-5879102581,E1113,stage,94,0
ADZ-5879913848,E1101,stage,59,0
ADZ-5879102785,E1101,stage,,0
ADZ-5879156375,E1124,stage,35,0
ADZ-5879102724,E1124,stage,78,0
ADZ-5879102737,M1426,stage,78,0
ADZ-5879102682,M1426,stage,31,0
ADZ-5879102266,M1426,stage,75,0
ADZ-5879945450,E1127,stage,75,0
ADZ-5880002473,M1705,stage,92,0
ADZ-5879148569,E1112,stage,78,0
ADZ-5879102686,M1718,stage,06,0
ADZ-5879102598,E1112,stage,44,0
ADZ-5879102523,E1124,stage,13,0
ADZ-5879102484,E1112,stage,59,0
ADZ-5879874891,E1107,stage,75,0
ADZ-5879102789,E1107,stage,75,0
ADZ-5879102741,E1107,stage,13,0
ADZ-5878272005,M1718,alternance,93,0
ADZ-5878272044,M1718,alternance,83,0
ADZ-5878285345,M1705,alternance,75,0
ADZ-5877974075,M1705,alternance,34,0
ADZ-5878770878,M1703,alternance,78,0
ADZ-5878713446,M1703,alternance,,0
ADZ-5878695722,M1620,alternance,13,0
ADZ-5878272057,M1620,alternance,89,0
ADZ-5877978738,M1620,alternance,51,0
ADZ-5877828147,M1620,alternance,34,0
ADZ-5877974225,E1101,alternance,34,0
ADZ-5878271935,E1112,alternance,34,0
ADZ-5878016898,E1112,alternance,976,0
ADZ-5877976732,E1112,alternance,13,0
ADZ-5877828119,M1705,alternance,06,0
ADZ-5877827526,E1112,alternance,67,0
ADZ-5877827429,E1107,alternance,06,0
ADZ-5878688738,M1718,stage,92,0
ADZ-5878455723,M1718,stage,69,0
ADZ-5878697835,M1705,stage,67,0
ADZ-5878684852,M1705,stage,75,0
ADZ-5877976531,M1703,stage,75,0
ADZ-5878633871,M1620,stage,,0
ADZ-5878060299,M1620,stage,75,0
ADZ-5878781618,E1101,stage,75,0
ADZ-5878060301,E1101,stage,56,0
ADZ-5877977821,E1112,stage,69,0
ADZ-5877976297,E1124,stage,,0
ADZ-5878455718,E1107,stage,78,0
ADZ-5878060642,E1112,stage,59,0
ADZ-5877218468,M1705,alternance,35,0
ADZ-5876210064,E1112,alternance,44,0
ADZ-5876210062,E1112,alternance,44,0
ADZ-5876191167,M1718,alternance,94,0
ADZ-5876663376,M1620,alternance,13,0
ADZ-5877241229,E1112,alternance,35,0
ADZ-5876930661,M1705,alternance,,0
ADZ-5876930700,E1112,alternance,75,0
ADZ-5876721193,E1112,alternance,94,0
ADZ-5876662502,E1107,alternance,75,0
ADZ-5877237254,M1703,stage,75,0
ADZ-5876723437,M1703,stage,75,0
ADZ-5877314191,M1620,stage,49,0
ADZ-5877291852,M1620,stage,,0
ADZ-5877288390,M1620,stage,,0
ADZ-5877265940,M1620,stage,59,0
ADZ-5877238399,M1620,stage,,0
ADZ-5876723731,M1620,stage,75,0
ADZ-5876723745,M1620,stage,75,0
ADZ-5876723740,M1620,stage,75,0
ADZ-5876722879,M1620,stage,75,0
ADZ-5877270594,D1438,stage,69,0
ADZ-5877231294,E1107,stage,,0
ADZ-5876723742,E1107,stage,75,0
ADZ-5875437916,M1620,alternance,34,0
ADZ-5875438338,E1113,alternance,974,0
ADZ-5875736737,M1705,alternance,35,0
ADZ-5875437884,E1112,alternance,67,0
ADZ-5875437899,E1107,alternance,06,0
ADZ-5875013172,E1107,alternance,06,0
ADZ-5875732369,E1405,stage,75,0
ADZ-5875713067,M1705,stage,75,0
ADZ-5875590044,M1705,stage,78,0
ADZ-5875589971,M1705,stage,78,0
ADZ-5875589990,M1705,stage,78,0
ADZ-5875744972,M1703,stage,67,0
ADZ-5875546638,M1703,stage,75,0
ADZ-5876082828,M1705,stage,95,0
ADZ-5875746801,M1705,stage,,0
ADZ-5875744525,E1112,stage,75,0
ADZ-5875721518,E1112,stage,92,0
ADZ-5875748231,E1107,stage,75,0
ADZ-5875726693,E1107,stage,75,0
ADZ-5873568965,M1718,alternance,69,0
ADZ-5873569001,M1620,alternance,,0
ADZ-5873569003,M1620,alternance,33,0
ADZ-5873569000,M1620,alternance,59,0
ADZ-5873568963,E1113,alternance,33,0
ADZ-5873568893,E1112,alternance,92,0
ADZ-5874264959,M1718,stage,75,0
ADZ-5874255629,M1620,stage,35,0
ADZ-5874218428,M1620,stage,75,0
ADZ-5874268191,E1124,stage,75,0
ADZ-5874266924,E1112,stage,,0
ADZ-5874265104,E1112,stage,,0
ADZ-5874263603,E1112,stage,75,0
ADZ-5873192785,E1124,alternance,75,0
ADZ-5873154374,E1112,alternance,,0
ADZ-5873193345,M1705,alternance,75,0
ADZ-5872732242,M1718,alternance,69,0
ADZ-5872484551,M1718,stage,,0
ADZ-5873216630,M1705,stage,94,0
ADZ-5873214041,M1620,stage,35,0
ADZ-5873165547,E1124,stage,75,0
ADZ-5873200983,M1426,stage,,0
ADZ-5873201953,E1127,stage,75,0
ADZ-5872731945,E1107,stage,74,0
ADZ-5871772364,M1718,alternance,69,0
ADZ-5871772381,M1620,alternance,34,0
ADZ-5871772378,M1620,alternance,10,0
ADZ-5871772371,M1620,alternance,59,0
ADZ-5871207092,M1620,alternance,34,0
ADZ-5871772375,E1113,alternance,33,0
ADZ-5871447611,E1101,alternance,73,0
ADZ-5871772360,E1112,alternance,62,0
ADZ-5871055648,E1112,alternance,69,0
ADZ-5871837030,E1107,alternance,59,0
ADZ-5872138632,M1718,stage,75,0
ADZ-5872137691,M1703,stage,75,0
ADZ-5872083299,M1703,stage,75,0
ADZ-5871522151,M1620,stage,75,0
ADZ-5872127493,M1703,stage,75,0
ADZ-5871209552,M1426,stage,92,0
ADZ-5872095699,M1718,stage,75,0
ADZ-5872146436,E1103,stage,75,0
ADZ-5872150534,E1107,stage,75,0
ADZ-5872144323,E1107,stage,75,0
ADZ-5872113642,E1107,stage,75,0
ADZ-5869754699,M1718,alternance,92,0
ADZ-5869914356,M1705,alternance,69,0
ADZ-5869802086,M1718,alternance,75,0
ADZ-5869755312,M1705,alternance,92,0
ADZ-5870955184,M1703,alternance,71,0
ADZ-5870431250,M1620,alternance,92,0
ADZ-5870009463,M1620,alternance,06,0
ADZ-5870008844,M1620,alternance,06,0
ADZ-5870008319,M1620,alternance,06,0
ADZ-5869755210,M1620,alternance,75,0
ADZ-5869754967,M1703,alternance,78,0
ADZ-5870008316,D1438,alternance,06,0
ADZ-5869992013,E1113,alternance,42,0
ADZ-5869992009,E1113,alternance,69,0
ADZ-5870777421,E1101,alternance,75,0
ADZ-5870431262,E1112,alternance,92,0
ADZ-5869596494,E1112,alternance,75,0
ADZ-5870788880,M1703,stage,35,0
ADZ-5870777332,M1703,stage,,0
ADZ-5870760258,M1703,stage,,0
ADZ-5870743727,M1703,stage,35,0
ADZ-5870785663,E1124,stage,75,0
ADZ-5870746102,E1127,stage,75,0
ADZ-5868687543,M1718,alternance,75,0
ADZ-5868687510,E1101,alternance,06,0
ADZ-5868105401,M1426,alternance,94,0
ADZ-5869231009,M1705,alternance,75,0
ADZ-5867697590,E1112,alternance,93,0
ADZ-5868025504,M1718,stage,95,0
ADZ-5868025487,M1718,stage,13,0
ADZ-5868025346,M1705,stage,92,0
ADZ-5869246565,M1620,stage,33,0
ADZ-5869223328,M1703,stage,67,0
ADZ-5869197685,M1703,stage,75,0
ADZ-5868425742,M1703,stage,75,0
ADZ-5868025357,M1703,stage,75,0
ADZ-5868025107,M1620,stage,26,0
ADZ-5868025028,M1703,stage,76,0
ADZ-5868025060,M1703,stage,76,0
ADZ-5868025048,M1703,stage,76,0
ADZ-5868025059,M1703,stage,76,0
ADZ-5868025030,M1703,stage,76,0
ADZ-5868025007,M1703,stage,76,0
ADZ-5868024958,M1703,stage,76,0
ADZ-5868025008,M1703,stage,76,0
ADZ-5868024978,M1703,stage,76,0
ADZ-5868024385,M1703,stage,35,0
ADZ-5868024388,M1703,stage,35,0
ADZ-5868024369,M1703,stage,35,0
ADZ-5868025051,M1620,stage,76,0
ADZ-5868024954,M1620,stage,92,0
ADZ-5868024998,M1620,stage,76,0
ADZ-5869238357,D1438,stage,75,0
ADZ-5869171127,E1113,stage,,0
ADZ-5868425755,E1113,stage,75,0
ADZ-5868025349,E1113,stage,75,0
ADZ-5868025311,E1113,stage,75,0
ADZ-5868025067,D1438,stage,76,0
ADZ-5869238886,E1101,stage,94,0
ADZ-5868024913,E1101,stage,54,0
ADZ-5868024728,E1101,stage,75,0
ADZ-5868025425,E1124,stage,92,0
ADZ-5868024283,E1124,stage,69,0
ADZ-5868025013,E1112,stage,76,0
ADZ-5868024779,E1107,stage,33,0
ADZ-5866910097,M1718,alternance,75,0
ADZ-5866955180,M1705,alternance,77,0
ADZ-5867252445,D1438,alternance,75,0
ADZ-5866589356,E1113,alternance,35,0
ADZ-5866602951,M1705,alternance,75,0
ADZ-5866078288,M1705,alternance,06,0
ADZ-5865364318,E1112,alternance,92,0
ADZ-5867258255,M1718,stage,75,0
ADZ-5867246512,M1718,stage,92,0
ADZ-5867227199,M1718,stage,84,0
ADZ-5867257944,M1705,stage,75,0
ADZ-5866609502,M1705,stage,75,0
ADZ-5867264376,M1703,stage,76,0
ADZ-5867225949,M1703,stage,92,0
ADZ-5866608989,M1703,stage,93,0
ADZ-5866566553,M1703,stage,92,0
ADZ-5867234073,M1620,stage,,0
ADZ-5867230945,M1620,stage,75,0
ADZ-5866567628,M1620,stage,92,0
ADZ-5867257502,E1101,stage,75,0
ADZ-5867242369,E1101,stage,75,0
ADZ-5866566546,E1112,stage,,0
ADZ-5863783906,E1124,alternance,75,0
ADZ-5864332966,M1705,alternance,,0
ADZ-5864220404,E1112,alternance,85,0
ADZ-5863571454,M1705,alternance,06,0
ADZ-5863777320,E1107,alternance,06,0
ADZ-5864868817,M1703,stage,76,0
ADZ-5862642679,E1112,alternance,,0
ADZ-5863188399,M1620,stage,75,0
ADZ-5862273546,M1718,alternance,,0
ADZ-5861960414,M1620,alternance,974,0
ADZ-5862270550,E1107,stage,75,0
ADZ-5860962196,E1112,alternance,95,0
ADZ-5860482349,E1112,alternance,77,0
ADZ-5860800195,E1107,alternance,59,0
ADZ-5861236723,E1107,stage,75,0
ADZ-5859042801,M1620,alternance,63,0
ADZ-5859202726,M1711,alternance,59,0
ADZ-5859202725,E1113,alternance,60,0
ADZ-5859890756,E1112,alternance,,0
ADZ-5859569039,E1112,alternance,95,0
ADZ-5859202746,E1107,alternance,62,0
ADZ-5859761647,M1718,stage,,0
ADZ-5859753862,M1705,stage,,0
ADZ-5859775730,M1703,stage,76,0
ADZ-5859775711,M1703,stage,76,0
ADZ-5859775724,M1703,stage,76,0
ADZ-5859775712,M1703,stage,76,0
ADZ-5859775709,M1703,stage,76,0
ADZ-5859775736,M1703,stage,76,0
ADZ-5859775707,M1703,stage,76,0
ADZ-5859775731,M1703,stage,76,0
ADZ-5859775752,M1703,stage,76,0
ADZ-5859589140,M1703,stage,59,0
ADZ-5859775746,M1620,stage,76,0
ADZ-5859775773,M1620,stage,76,0
ADZ-5859764620,M1620,stage,92,0
ADZ-5859433627,M1620,stage,75,0
ADZ-5859775781,D1438,stage,76,0
ADZ-5859757033,D1438,stage,,0
ADZ-5859775710,E1112,stage,,0
ADZ-5859775705,E1112,stage,76,0
ADZ-5859755141,E1112,stage,75,0
ADZ-5859779038,E1107,stage,75,0
ADZ-5857689845,E1101,alternance,94,0
ADZ-5858726149,E1112,alternance,75,0
ADZ-5858687494,M1426,stage,92,0
ADZ-5858687466,M1426,stage,95,0
ADZ-5858387980,M1620,stage,75,0
ADZ-5858381256,M1620,stage,75,0
ADZ-5858378998,M1620,stage,75,0
ADZ-5858375166,M1620,stage,75,0
ADZ-5858359931,M1620,stage,,0
ADZ-5858359072,M1620,stage,75,0
ADZ-5858358819,M1620,stage,92,0
ADZ-5858131079,M1620,stage,75,0
ADZ-5857585043,E1113,stage,75,0
ADZ-5857585070,E1101,stage,75,0
ADZ-5858360047,E1124,stage,75,0
ADZ-5858079624,E1112,stage,75,0
ADZ-5857585618,E1103,stage,44,0
ADZ-5856338258,D1438,alternance,59,0
ADZ-5856938366,E1112,alternance,,0
ADZ-5856941930,M1620,stage,75,0
ADZ-5856683634,E1101,stage,92,0
ADZ-5857298431,E1112,stage,57,0
ADZ-5856970489,E1107,stage,75,0
ADZ-5856944994,E1107,stage,,0
ADZ-5855284128,M1705,alternance,92,0
ADZ-5854847795,M1718,alternance,06,0
ADZ-5855243637,M1705,alternance,06,0
ADZ-5854847779,M1718,alternance,13,0
ADZ-5855244142,D1510,alternance,974,0
ADZ-5854847436,E1112,alternance,06,0
ADZ-5855470817,E1107,alternance,35,0
ADZ-5855457079,E1107,alternance,75,0
ADZ-5855458337,E1124,stage,,0
ADZ-5854825810,E1124,stage,35,0
ADZ-5854326323,D1510,alternance,974,0
ADZ-5854616873,M1620,stage,75,0
ADZ-5854049165,E1107,stage,75,0
ADZ-5853744027,D1510,alternance,35,0
ADZ-5852328898,M1718,alternance,06,0
ADZ-5852328900,M1718,alternance,13,0
ADZ-5852328872,E1112,alternance,06,0
ADZ-5851834349,M1705,alternance,75,0
ADZ-5851834288,E1112,alternance,34,0
ADZ-5851136208,E1112,alternance,53,0
ADZ-5850887080,M1705,alternance,75,0
ADZ-5850887099,E1112,alternance,34,0
ADZ-5850634201,M1620,stage,75,0
ADZ-5849110883,E1112,alternance,95,0
ADZ-5849054075,E1112,alternance,75,0
ADZ-5849052932,M1718,stage,35,0
ADZ-5849053870,M1705,stage,75,0
ADZ-5849312417,M1703,stage,92,0
ADZ-5849054429,M1703,stage,38,0
ADZ-5849054033,M1703,stage,92,0
ADZ-5849760885,M1620,stage,,0
ADZ-5849676580,M1620,stage,,0
ADZ-5849054384,M1620,stage,35,0
ADZ-5849054203,M1620,stage,57,0
ADZ-5849579879,E1113,stage,94,0
ADZ-5849085409,E1113,stage,94,0
ADZ-5849053586,D1438,stage,92,0
ADZ-5849053295,E1113,stage,92,0
ADZ-5849052889,E1113,stage,91,0
ADZ-5849688861,E1101,stage,,0
ADZ-5849054248,E1101,stage,94,0
ADZ-5849053694,E1101,stage,75,0
ADZ-5849052551,M1426,stage,93,0
ADZ-5849054672,E1112,stage,22,0
ADZ-5849054681,E1112,stage,59,0
ADZ-5849054186,E1112,stage,83,0
ADZ-5849053927,E1112,stage,31,0
ADZ-5849053699,E1112,stage,75,0
ADZ-5849053505,M1705,stage,92,0
ADZ-5849053347,E1112,stage,92,0
ADZ-5849053313,E1112,stage,75,0
ADZ-5849055139,E1107,stage,32,0
ADZ-5849053903,E1107,stage,75,0
ADZ-5849052446,E1107,stage,56,0
ADZ-5848044339,M1718,alternance,13,0
ADZ-5847632017,M1705,alternance,75,0
ADZ-5847651007,M1620,alternance,60,0
ADZ-5847650966,D1438,alternance,92,0
ADZ-5847633088,E1101,alternance,94,0
ADZ-5847651014,E1112,alternance,92,0
ADZ-5847632626,E1112,alternance,75,0
ADZ-5847632093,E1112,alternance,01,0
ADZ-5847834434,M1620,stage,92,0
ADZ-5847853317,E1107,stage,95,0
ADZ-5846540988,E1112,alternance,95,0
ADZ-5846540990,D1438,alternance,92,0
ADZ-5846540992,E1112,alternance,92,0
ADZ-5847277477,M1718,stage,75,0
ADZ-5844307237,E1112,alternance,,0
ADZ-5843010388,M1620,alternance,60,0
ADZ-5843209527,E1101,stage,75,0
ADZ-5841702457,E1101,alternance,13,0
ADZ-5841936934,E1124,stage,92,0
ADZ-5840368624,E1101,alternance,35,0
ADZ-5839273631,M1620,stage,64,0
ADZ-5838423927,E1113,alternance,35,0
ADZ-5838438217,E1107,alternance,,0
ADZ-5838424449,E1112,stage,92,0
ADZ-5836833046,M1705,alternance,,0
ADZ-5836854199,E1112,alternance,35,0
ADZ-5835772785,E1124,alternance,,0
ADZ-5835717596,E1112,alternance,,0
ADZ-5835720681,M1620,stage,,0
ADZ-5834756235,M1705,alternance,,0
ADZ-5834742308,M1703,stage,75,0
ADZ-5834756167,E1124,stage,,0
ADZ-5834746264,E1112,stage,,0
ADZ-5833573497,M1718,alternance,,0
ADZ-5833587159,M1705,alternance,92,0
ADZ-5833587509,M1703,alternance,72,0
ADZ-5833581665,E1113,alternance,,0
ADZ-5833585922,E1101,alternance,,0
ADZ-5833576617,M1426,alternance,,0
ADZ-5833579794,E1112,alternance,,0
ADZ-5833324160,E1112,alternance,75,0
ADZ-5832909233,E1112,alternance,03,0
ADZ-5833601944,E1124,stage,78,0
ADZ-5833034265,E1124,stage,,0
ADZ-5833581452,E1112,stage,,0
ADZ-5832101774,M1620,alternance,92,0
ADZ-5831499349,E1113,alternance,42,0
ADZ-5831499342,E1113,alternance,69,0
ADZ-5831558513,M1705,alternance,44,0
ADZ-5832095480,M1703,stage,93,0
ADZ-5832092050,M1703,stage,93,0
ADZ-5831422722,M1620,stage,64,0
ADZ-5912069435,E1112,stage,78,1
ADZ-5912069459,E1112,stage,95,1
ADZ-5910916709,E1112,stage,95,1
ADZ-5909285016,E1112,stage,78,1
